time,krot,vkco,svav,vsmo,nomp,grnt,nsvz,gltr,cntlp,abio,elfv,msng,rasp,ogkb,slav,data,nknc,svcb,wush,aptk,mtss,etln,prmd,lsrg,rolo,mrkv,dvec,afks,sgzh,tgka,enpg,klsb,aqua,rosn,leas,gmkn,lkoh,klvz,lent,nvtk,kzosp,tgkj,mstt,mrks,magn,geco,sofl,tatnp,flot,mgtsp,kzos,udmn,trnfp,lnzl,moex,tgkb,nkhp,eutr,fixp,qiwi,nmtp,amez,unkl,orup,irao,ttlk,rtkm,sftl,mtlr,vseh,mrkz,chmf,prfn,lsngp,hhru,unac,sfin,deli,nompp,rual,vrsb,obne,kzizp,vtbr,rbcm,t,ozon,chmk,alrs,mgnt,mgkl
2023-12-11 00:00:00+00:00,2322.0,575.0,712.0,30860.0,499.99,0.2484,479.0,594.0,10.4,87.58,0.609,2.87,412.4,0.5472,120.0,,102.5,,209.99,12.792,252.8,72.72,,645.0,1.84,0.539,2.894,15.96,4.4,0.892,449.2,28.8,812.5,568.0,,168.3,7189.0,,683.0,1542.0,23.94,115.97,177.0,0.605,50.95,38.5,141.48,633.0,122.41,1282.0,99.9,29199.98,1390.0,16010.0,199.8,0.10585,867.0,245.0,292.0,469.6,10.145,72.0,7500.0,3.8,4.435,0.8345,72.93,59.97,282.31,,0.92,1289.4,5.244,181.95,3086.0,1.151,572.6,,275.0,35.84,455.0,1850.0,565.0,112.98,7.9,3111.6,2684.5,9500.0,72.26,6193.0,
2023-12-12 00:00:00+00:00,2310.0,546.8,690.0,30120.0,473.99,0.24,465.0,587.9,10.56,86.3,0.6182,2.7695,396.3,0.5421,113.0,,103.4,,207.82,12.468,253.5,73.0,,649.8,1.9,0.5195,2.825,15.55,4.11,0.8534,431.4,27.68,791.5,557.4,,167.98,7100.0,,664.5,1516.0,23.84,115.0,202.4,0.604,50.0,38.25,138.9,628.4,119.89,1298.0,97.7,28750.0,1379.5,16020.0,190.87,0.988,842.0,241.85,276.3,455.0,9.96,68.5,7400.0,3.59,3.963,0.83,70.97,58.0,282.0,,0.8885,1261.2,5.324,183.5,2942.0,1.15,570.0,,254.89,35.16,451.5,1900.0,554.98,114.48,7.85,3097.6,2596.0,9500.0,72.62,6137.5,
2023-12-13 00:00:00+00:00,2298.0,563.0,696.0,29200.0,499.99,0.22,470.0,583.5,11.16,89.4,0.6018,2.886,404.0,0.5391,106.0,,104.5,,205.8,12.586,251.5,74.4,,665.0,1.1368,0.5215,2.88,15.55,4.3,0.854,437.6,27.83,788.0,556.55,,167.2,7062.5,,656.0,1510.6,23.53,106.6,190.75,0.6285,50.68,38.77,138.38,627.4,120.85,1270.0,99.4,29900.0,1367.0,15710.0,188.68,0.10085,874.0,239.5,276.1,444.0,10.19,70.8,7730.0,3.389,3.9485,0.8565,70.23,54.99,273.9,,0.8795,1252.8,5.416,181.5,2957.0,1.227,570.0,,255.4,35.22,463.0,1849.71,547.0,113.93,7.76,3085.6,2634.0,9590.0,73.14,6128.0,
2023-12-14 00:00:00+00:00,2232.0,564.0,697.5,28980.0,497.0,0.2088,464.0,581.0,11.8,88.8,0.622,2.849,396.95,0.5418,104.9,,103.9,,202.99,13.7,252.4,74.7,,663.0,1.144,0.521,2.85,15.67,4.66,0.8628,436.6,27.73,791.0,558.6,,167.56,7084.5,,663.0,1514.4,24.79,105.89,191.95,0.638,50.7,38.8,136.4,628.7,122.27,1294.0,99.8,29600.0,1365.5,15740.0,193.56,0.1008,875.0,239.15,273.7,444.6,10.345,69.15,7600.0,3.29,3.93,0.845,69.97,55.79,280.93,,0.889,1250.8,5.39,182.0,3055.0,1.2,549.6,,283.0,35.48,465.5,1620.0,538.0,115.75,7.48,3087.0,2648.5,9610.0,71.81,6165.5,
2023-12-15 00:00:00+00:00,2309.0,573.4,713.0,28880.0,464.0,0.1982,460.0,593.8,11.14,88.58,0.617,2.8905,404.95,0.5545,111.0,,104.1,14.9,202.94,13.272,251.35,79.0,,654.8,1.1478,0.5265,2.788,15.779,4.44,0.874,442.8,27.28,788.0,563.0,,169.98,6632.0,,655.0,1498.2,25.0,109.9,186.9,0.63,50.0,38.2,136.18,633.9,124.97,1300.0,103.2,29499.98,1398.0,15750.0,196.53,0.9955,847.5,238.0,272.2,449.6,10.935,69.15,7390.0,3.24,3.986,0.8775,70.46,55.46,290.0,,0.9,1273.6,5.746,183.5,3013.0,1.176,522.4,,277.98,35.465,456.0,1530.0,530.0,118.1,7.39,3026.0,2644.5,9700.0,71.89,6398.0,
2023-12-18 00:00:00+00:00,2446.0,586.0,889.5,29960.0,467.0,0.1981,483.0,615.65,11.38,103.88,0.6568,2.98,419.5,0.573,113.99,,108.55,13.1,208.98,13.776,255.8,81.28,,660.0,1.1948,0.539,3.28,15.93,4.16,0.8948,452.8,27.98,853.5,569.5,,172.46,6761.5,,667.0,1509.2,25.49,112.88,198.55,0.6275,51.13,45.97,146.86,643.9,130.45,1372.0,102.9,29999.95,1418.5,16160.0,203.0,0.106,920.0,240.0,276.3,480.6,11.325,72.95,7560.0,3.238,4.2,0.932,71.54,56.32,298.7,,0.92,1309.0,5.8,189.5,3096.0,1.26,538.6,,279.0,35.635,477.0,1641.0,577.99,119.65,7.46,3048.6,2715.0,9700.0,73.35,6472.5,
2023-12-19 00:00:00+00:00,2420.0,588.0,920.0,31960.0,467.0,0.1878,514.5,624.0,11.66,103.7,0.6698,3.3,416.0,0.5802,113.0,,108.25,13.6,211.0,14.9,254.0,83.0,,658.0,1.2468,0.571,3.185,15.644,4.143,0.907,464.0,29.8,880.0,574.8,,172.34,6771.0,,666.0,1539.0,25.82,112.69,201.25,0.678,51.68,46.55,149.6,654.3,132.0,1450.0,107.6,29989.61,1445.0,16580.0,206.0,0.11115,1039.0,238.1,328.0,612.6,11.395,74.75,8130.0,3.349,4.195,0.9495,72.69,52.33,296.78,,0.95,1313.0,5.85,193.35,3188.0,1.2305,539.0,,267.0,35.535,530.0,1579.0,533.89,117.85,7.55,3114.6,2735.0,9780.0,72.94,6495.5,
2023-12-20 00:00:00+00:00,2535.0,583.6,870.0,36880.0,462.99,0.193,512.0,629.65,11.42,103.6,0.6682,3.1595,414.75,0.5733,111.2,,110.55,12.905,213.3,14.272,254.7,82.7,,661.6,1.245,0.586,3.295,16.88,4.115,0.9098,463.0,31.37,878.0,584.9,,173.46,6849.0,,695.0,1544.8,25.81,111.39,205.95,0.7365,52.36,45.48,149.88,660.7,132.93,1410.0,109.9,30499.98,1452.0,16280.0,202.75,0.1094,1050.0,238.25,302.7,603.0,11.275,75.8,8200.0,3.22,4.4,0.958,73.9,52.32,293.29,,0.975,1336.6,6.15,191.9,3110.0,1.328,538.0,,282.0,35.5,545.0,1544.97,522.0,118.38,7.65,3086.0,2715.0,10095.0,73.15,6768.0,
2023-12-21 00:00:00+00:00,2515.0,577.8,854.0,37480.0,470.6,0.2,537.0,618.95,11.66,102.86,0.66,3.205,415.7,0.5758,107.96,,107.55,13.29,213.8,14.78,250.95,80.9,,653.0,1.25,0.577,3.544,16.185,4.81,0.896,452.4,30.84,871.5,581.2,,171.4,6774.0,,684.0,1532.8,25.54,111.49,207.6,0.737,52.42,45.9,148.0,660.6,135.4,1444.0,109.0,29999.98,1441.5,17060.0,199.97,0.109,1036.5,237.15,296.1,598.6,11.16,74.3,8440.0,3.2,4.365,1.3,73.27,62.98,303.75,,0.959,1349.8,6.112,191.15,3099.0,1.414,536.8,,290.0,35.21,615.0,1538.98,519.0,117.25,7.97,3053.6,2673.5,9675.0,72.36,6748.5,
2023-12-22 00:00:00+00:00,2572.0,578.0,845.0,35960.0,485.13,0.1799,551.0,624.5,11.48,106.48,0.6502,3.2145,426.95,0.5849,106.6,,107.5,13.795,213.0,13.96,250.6,79.64,,651.0,1.2644,0.5655,3.45,16.82,4.98,0.8934,452.0,30.87,875.0,585.45,,171.5,6795.0,,688.0,1508.0,25.29,108.5,218.4,0.714,52.69,45.2,149.92,665.1,137.68,1418.0,109.5,31000.0,1460.5,16700.0,196.49,0.105,1011.0,238.0,294.9,604.6,11.23,72.35,8150.0,3.2,4.1,0.98,72.42,62.96,313.0,,0.9465,1354.8,5.972,193.35,3068.0,1.379,535.8,,300.0,35.55,586.0,1511.97,517.9,116.53,8.5,3039.0,2655.0,9860.0,72.14,6741.0,
2023-12-25 00:00:00+00:00,2582.0,572.4,848.5,35800.0,469.98,0.177,540.0,627.0,11.32,104.6,0.646,3.2075,436.7,0.5834,103.7,,106.85,14.335,216.68,13.984,251.3,81.98,,655.0,1.249,0.572,3.38,16.173,4.9,0.893,448.0,31.98,869.5,588.45,,171.86,6784.0,,699.0,1489.8,26.5,108.19,216.7,0.689,53.85,45.0,152.72,676.7,137.78,1420.0,109.0,30249.92,1455.0,16340.0,195.85,0.10315,1065.0,235.45,304.4,623.6,11.43,70.3,8090.0,3.204,4.1,0.9875,71.91,63.99,317.83,,0.946,1345.8,6.5,193.6,3090.0,1.349,543.8,,295.0,34.91,580.0,1495.0,530.0,116.15,8.25,3096.0,2682.0,9655.0,71.5,6939.5,
2023-12-26 00:00:00+00:00,2759.0,565.2,831.0,34600.0,471.0,0.1711,540.0,633.35,11.24,103.6,0.675,3.2355,442.5,0.5699,101.0,,107.9,13.765,214.13,14.96,250.3,80.68,,648.6,1.2228,0.5735,3.298,16.134,4.6,0.8928,443.4,31.23,862.0,592.0,,164.34,6771.0,,692.0,1496.0,27.44,110.99,221.2,0.684,52.7,44.2,150.84,694.2,142.4,1428.0,112.0,29222.1,1451.0,16270.0,193.32,0.10685,1090.0,234.35,304.8,618.0,12.15,70.0,8030.0,3.186,4.0,0.945,70.86,55.0,314.2,,0.945,1377.2,6.52,187.75,3074.0,1.319,541.8,,289.96,34.35,577.0,1538.99,518.0,116.33,8.33,3099.6,2674.5,9535.0,70.79,6975.0,
2023-12-27 00:00:00+00:00,2689.0,562.8,812.0,34180.0,481.7,0.2206,548.0,660.0,11.5,104.6,0.6964,3.14,439.5,0.5567,108.0,,107.75,13.7,220.39,13.94,249.4,79.86,,648.0,1.37,0.5945,3.748,16.128,3.925,0.9378,459.4,31.9,851.0,596.65,,164.16,6840.0,,690.5,1480.0,27.57,143.0,222.8,0.726,53.12,47.85,148.84,723.3,149.46,1404.0,111.0,29999.99,1452.0,16400.0,192.89,0.10285,1080.0,233.0,295.2,593.6,13.5,68.8,8180.0,3.549,4.45,1.595,70.1,55.0,313.74,,0.9345,1389.4,6.482,191.75,3069.0,1.39,542.0,,293.23,34.67,575.5,1700.0,507.49,115.98,8.27,3187.6,2694.5,10585.0,70.36,7018.5,
2023-12-28 00:00:00+00:00,2620.0,567.0,845.0,33640.0,493.49,0.207,547.5,651.8,11.32,104.0,0.6914,3.127,435.1,0.5506,101.49,,104.2,13.9,222.0,13.816,250.2,85.0,,631.6,1.47,0.575,3.635,16.1,3.811,0.915,449.2,32.8,847.5,596.7,,163.2,6802.5,,679.0,1464.0,26.79,123.0,219.3,0.717,52.445,46.85,148.0,719.4,149.8,1360.0,108.3,29200.2,1451.0,16150.0,191.0,0.1039,1064.5,237.85,289.0,564.6,12.285,67.7,7980.0,3.199,4.0,1.375,70.83,52.0,312.33,,0.9195,1414.0,6.27,191.45,3069.0,1.363,536.8,,294.0,34.445,569.0,1597.93,511.0,114.95,7.845,3218.0,2820.5,9605.0,70.21,7014.5,2.6
2023-12-29 00:00:00+00:00,2541.0,572.2,837.0,33700.0,492.0,0.179,545.5,649.4,11.3,103.6,0.6874,3.106,434.65,0.5551,100.45,,104.4,13.785,220.75,14.528,249.5,85.0,,654.0,1.3164,0.5635,3.376,16.388,3.805,0.8944,444.0,30.47,855.0,595.25,,162.4,6784.0,,677.5,1475.0,26.96,119.99,213.6,0.7185,52.5,45.57,146.6,710.6,146.19,1318.0,108.4,29200.2,1451.5,16070.0,190.77,0.1006,1008.0,272.0,291.4,605.6,11.985,67.4,7950.0,3.16,3.969,1.235,69.29,51.0,313.0,,0.915,1409.8,6.138,188.85,3026.0,1.3315,540.4,,300.0,34.34,526.0,1569.99,498.96,115.25,7.9,3237.0,2850.0,9550.0,69.98,7018.0,2.5195
2024-01-03 00:00:00+00:00,2522.0,569.2,814.5,34480.0,490.0,0.2,534.0,651.85,12.84,104.48,0.7,3.1805,439.1,0.5688,99.6,,106.65,14.3,223.43,14.89,250.9,85.82,,660.2,1.315,0.5685,3.545,16.439,3.795,0.8982,449.8,30.95,873.0,604.0,,163.7,6805.0,,683.0,1485.2,27.19,122.0,217.85,0.73,52.99,44.95,149.0,721.1,149.49,1346.0,110.6,30000.0,1463.5,16200.0,195.88,0.1013,1029.0,268.95,297.7,605.6,12.475,67.9,7930.0,3.139,4.145,1.15,70.5,57.98,326.74,,0.9175,1431.6,6.65,189.85,3019.0,1.392,550.6,,316.99,34.75,546.0,1650.0,504.95,115.2,8.9,3293.6,2840.5,9780.0,71.3,7187.5,2.389
2024-01-04 00:00:00+00:00,2507.0,587.0,845.0,37300.0,508.38,0.1799,568.0,659.9,12.78,110.98,0.713,3.1665,438.0,0.5691,99.61,,108.15,14.5,225.68,14.7,250.95,88.92,,659.6,1.3294,0.571,3.524,16.425,3.838,0.9192,450.6,32.2,895.0,605.8,,163.94,6811.5,,696.5,1497.2,26.97,106.57,225.95,0.78,53.3,46.84,150.0,727.5,150.28,1426.0,110.8,29999.99,1465.0,16250.0,196.32,0.1019,1038.5,263.0,297.8,626.0,12.64,69.4,8950.0,3.119,4.345,1.895,70.76,57.8,329.39,,0.937,1435.0,6.436,191.8,3139.0,1.614,570.0,,312.9,35.345,590.0,1647.33,483.47,115.98,8.15,3292.0,2839.5,10195.0,71.29,7316.5,2.415
2024-01-05 00:00:00+00:00,2474.0,590.0,848.5,37440.0,508.38,0.22,580.0,661.7,12.2,112.98,0.713,3.164,430.0,0.5726,99.61,,108.95,14.3,224.67,14.652,252.8,87.64,,654.6,1.3232,0.58,3.46,16.494,3.831,0.9298,451.8,32.83,898.0,605.55,,163.3,6794.5,,694.5,1489.2,28.24,106.2,224.55,0.7545,53.375,47.26,148.3,730.0,145.93,1414.0,112.8,29450.0,1462.0,16370.0,194.55,0.1102,1038.0,264.2,296.8,622.0,12.58,72.0,9300.0,3.129,4.255,1.78,70.38,56.9,328.49,,0.9795,1444.6,6.496,194.25,3158.0,1.7625,568.2,,330.51,35.24,603.0,1625.0,474.87,120.28,8.23,3270.0,2826.5,10580.0,71.71,7342.0,2.45
2024-01-08 00:00:00+00:00,2560.0,593.8,844.5,37000.0,506.99,0.2092,574.0,653.5,12.36,111.5,0.7116,3.156,433.75,0.5733,98.52,,112.0,14.46,224.58,15.272,256.25,87.98,,682.4,1.3594,0.6275,3.589,16.594,3.879,0.9326,458.4,32.9,900.5,606.95,,165.5,6804.5,,712.5,1493.6,28.4,129.0,230.75,0.749,53.905,49.0,159.0,724.5,144.84,1418.0,112.3,30550.0,1460.0,16850.0,194.29,0.1094,1014.5,264.0,301.5,629.0,12.575,73.1,9010.0,3.146,4.97,1.109,71.68,64.99,334.28,,0.1004,1467.8,6.72,196.95,3175.0,1.714,585.2,,325.0,35.25,600.0,1599.99,499.0,124.5,8.7,3289.0,2824.0,10750.0,71.61,7298.5,2.57
2024-01-09 00:00:00+00:00,2570.0,631.6,870.0,39860.0,495.98,0.184,563.0,676.0,12.16,110.74,0.704,3.228,449.3,0.57,98.39,,113.5,14.39,223.8,14.994,263.55,87.36,,695.0,1.3616,0.6305,3.73,16.592,3.977,0.938,457.8,34.63,902.0,603.75,,165.2,6942.0,,709.0,1498.0,28.45,108.59,235.0,0.738,54.285,48.8,157.48,693.3,143.97,1486.0,114.4,31549.98,1462.5,16540.0,194.95,0.1082,1066.0,365.4,309.0,627.6,12.9,71.8,8920.0,3.15,4.12,1.103,71.64,57.89,333.54,,0.10395,1469.0,6.616,206.95,3252.0,1.663,595.0,,325.0,35.25,656.5,1590.0,462.0,124.7,8.5,3317.0,2890.0,10190.0,72.9,7239.0,2.52
2024-01-10 00:00:00+00:00,2695.0,634.6,894.0,43820.0,475.0,0.185,558.0,684.4,12.68,114.0,0.73,3.268,449.8,0.5725,99.5,,114.75,14.4,226.14,15.268,264.5,87.28,,705.0,1.3382,0.6295,3.764,16.57,4.98,0.9668,462.2,33.38,916.0,601.95,,164.56,7023.0,,706.0,1522.6,27.97,107.2,233.6,0.7375,53.365,51.42,162.14,699.8,143.2,1474.0,114.1,30200.0,1460.5,16460.0,195.67,0.1216,1039.0,485.25,323.5,624.0,13.5,73.4,9500.0,3.39,4.128,1.9,72.53,59.0,333.71,,0.1039,1448.2,6.61,205.4,3247.0,1.618,595.0,,300.0,35.95,672.0,1574.86,456.2,124.25,8.6,3329.6,2948.0,10255.0,72.7,7380.0,3.48
2024-01-11 00:00:00+00:00,3055.0,630.0,888.5,42880.0,469.99,0.1799,553.0,705.0,12.52,112.66,0.7244,3.25,447.0,0.5953,99.35,,116.0,14.34,223.69,15.0,265.95,87.5,,698.4,1.3336,0.6235,3.844,16.877,4.5,0.995,469.4,33.0,925.0,582.15,,164.24,6995.0,,705.0,1520.0,28.75,110.0,245.0,0.729,57.25,49.74,159.4,697.0,144.39,1476.0,112.6,30689.94,1499.0,16600.0,194.21,0.1355,1164.5,400.0,320.2,609.0,12.845,73.0,9110.0,4.0,4.1175,1.865,73.24,58.0,326.9,,0.10225,1555.0,6.536,204.25,3238.0,1.7,680.0,,293.0,36.6,660.0,1598.99,456.0,126.68,8.37,3306.6,2973.5,10395.0,71.95,7173.5,2.629
2024-01-12 00:00:00+00:00,2884.0,651.0,878.5,41820.0,461.0,0.178,549.0,706.95,12.6,110.38,0.7238,3.2585,441.75,0.5972,119.0,,115.0,14.8,223.7,15.5,268.0,87.0,,693.4,1.34,0.626,3.777,17.49,4.77,0.9846,469.6,34.15,915.0,589.9,,163.12,7011.0,,712.0,1509.2,28.7,117.99,242.0,0.7335,58.1,50.1,160.0,704.6,144.74,1454.0,112.2,30500.0,1503.0,16400.0,193.78,0.14165,1180.0,367.0,316.0,642.6,13.14,76.4,9110.0,3.52,4.1075,1.104,72.99,58.0,323.75,,0.10455,1573.8,6.584,209.0,3226.0,1.663,875.0,,293.0,36.4,653.5,1564.98,465.0,126.75,8.25,3363.0,2960.0,10300.0,74.3,7147.0,2.523
2024-01-15 00:00:00+00:00,2947.0,657.4,915.0,42000.0,453.99,0.1775,579.5,746.4,13.18,115.32,0.7238,3.217,446.0,0.5974,114.98,,115.95,13.96,223.3,15.3,268.9,86.8,,691.8,1.3656,0.6435,3.725,16.989,4.39,0.983,472.0,34.2,907.0,587.9,,163.5,6968.5,,712.0,1515.0,29.4,120.0,245.0,0.731,57.75,51.8,159.98,701.7,144.16,1496.0,111.8,30500.0,1505.0,16620.0,194.5,0.1576,1154.5,352.0,323.3,645.0,13.18,78.95,9120.0,3.49,4.1145,1.105,74.46,59.0,319.9,,0.10495,1575.0,6.7,208.95,3219.0,1.65,814.4,,287.0,36.85,669.0,1600.0,460.0,125.98,8.58,3443.6,3053.0,10895.0,76.2,7115.0,2.5795
2024-01-16 00:00:00+00:00,2816.0,645.0,922.0,41840.0,445.99,0.174,580.0,712.6,12.7,112.44,0.7196,3.1795,445.3,0.5998,114.88,,115.0,13.86,221.9,15.15,267.65,89.88,,723.8,1.3394,0.6545,3.609,17.1,4.5,0.989,480.0,33.96,919.0,582.75,,162.7,6885.5,,709.0,1498.0,29.0,109.96,240.85,0.7365,58.425,52.1,164.5,699.7,142.0,1462.0,111.2,29999.99,1553.5,17360.0,195.9,0.161,1159.0,391.95,333.1,633.0,13.15,76.0,9140.0,3.289,4.1445,1.975,74.9,57.4,323.59,,0.111,1554.0,6.7,205.95,3227.0,1.662,803.2,,283.0,35.76,660.0,1630.0,459.6,125.85,8.45,3441.0,3035.0,10555.0,75.16,7088.5,2.6215
2024-01-17 00:00:00+00:00,2830.0,638.4,970.0,40940.0,437.98,0.1723,572.0,694.85,13.6,115.3,0.7146,3.1675,437.75,0.5993,104.19,,114.45,13.9,242.0,15.116,266.3,89.8,,733.4,1.3662,0.6575,3.708,17.114,4.22,0.9814,485.0,34.6,912.0,580.75,,163.0,6919.5,,718.0,1484.8,28.68,115.98,245.0,0.749,58.235,52.35,169.46,698.7,143.4,1582.0,111.4,29949.93,1583.0,17070.0,193.28,0.1478,1243.0,365.0,335.0,638.0,13.9,76.75,9020.0,3.28,4.128,1.1305,76.9,58.0,326.43,,0.10975,1564.8,6.876,206.4,3220.0,1.6365,875.0,,278.97,35.475,664.0,1630.0,449.43,126.7,8.5,3273.0,2938.0,10945.0,74.0,6970.0,2.56
2024-01-18 00:00:00+00:00,2870.0,639.8,961.5,40560.0,439.0,0.1718,598.0,688.95,13.0,117.44,0.733,3.199,436.0,0.6141,104.0,,115.9,13.9,248.0,14.998,265.45,88.5,,724.8,1.3898,0.657,3.67,17.94,4.18,0.9742,479.2,34.23,936.0,578.15,,162.4,6930.0,,716.0,1485.0,28.72,114.6,248.0,0.745,58.18,52.1,169.7,698.9,143.31,1592.0,111.4,29600.0,1574.0,17300.0,195.45,0.1445,1234.0,354.95,332.0,631.0,13.22,76.9,9130.0,3.25,4.94,1.1295,77.5,58.58,322.3,,0.1091,1568.8,6.78,208.7,3194.0,1.64,998.0,,280.0,35.99,674.5,1638.0,450.81,125.38,8.445,3218.0,2924.0,10645.0,73.67,6968.0,2.635
2024-01-19 00:00:00+00:00,2865.0,638.6,937.5,39640.0,427.89,0.1718,590.0,685.0,12.82,117.92,0.744,3.172,437.25,0.6078,106.98,,114.5,13.78,244.6,15.0,264.85,88.22,,727.6,1.3628,0.647,3.616,17.2,3.996,0.988,469.8,33.5,928.0,577.6,,161.74,6883.0,,709.0,1468.0,28.42,112.18,242.95,0.7415,57.35,51.7,165.6,698.8,142.4,1556.0,110.8,30300.0,1557.5,17030.0,194.69,0.1401,1218.0,345.0,329.0,642.0,13.4,74.95,8950.0,3.193,4.725,1.1145,76.51,57.48,319.0,,0.10775,1583.8,6.82,206.8,3190.0,1.6355,1002.8,,277.98,35.44,686.5,1637.95,448.95,124.2,8.42,3157.0,2867.5,10550.0,73.5,7032.5,2.675
2024-01-22 00:00:00+00:00,2867.0,665.8,936.5,41500.0,425.99,0.1695,578.0,692.4,13.1,117.24,0.7364,3.184,439.75,0.6069,103.88,,114.8,14.45,239.8,14.854,264.9,89.7,,754.8,1.3578,0.6485,3.661,17.184,4.1,0.979,471.8,34.0,930.0,579.7,,161.3,6859.0,,705.0,1456.0,28.16,110.69,244.9,0.8935,59.5,51.0,165.3,694.7,142.99,1554.0,109.2,31100.0,1573.0,17000.0,199.83,0.1458,1220.0,355.45,334.5,551.0,12.945,75.6,8940.0,3.209,4.77,1.123,76.99,58.0,319.68,,0.10965,1619.6,6.71,206.7,3169.0,1.66,931.0,,259.64,35.32,689.0,1638.0,498.89,124.93,8.19,3133.6,2874.0,10470.0,73.33,6971.5,2.6495
2024-01-23 00:00:00+00:00,2843.0,672.6,938.0,42120.0,414.99,0.1679,595.0,686.9,12.86,118.24,0.7302,3.186,429.65,0.6105,103.0,,114.65,14.95,244.59,14.818,266.55,88.8,,757.0,1.3556,0.6795,3.748,17.198,4.137,0.10028,473.0,34.17,913.5,580.5,,161.98,6850.0,,709.5,1448.6,27.89,111.97,242.1,1.1355,58.9,50.1,167.28,695.0,142.47,1564.0,108.9,29799.97,1569.5,16860.0,201.48,0.1539,1245.0,345.5,334.0,534.0,12.865,74.9,8950.0,3.211,4.55,1.128,77.3,57.29,309.9,,0.1123,1624.8,6.648,206.45,3208.0,1.67,947.6,,260.0,35.27,691.0,1650.0,498.0,124.75,8.2,3142.0,2875.0,10375.0,73.45,6917.0,2.63
2024-01-24 00:00:00+00:00,2900.0,662.6,933.0,40920.0,412.89,0.1649,586.0,682.0,13.3,112.5,0.7296,3.2445,419.85,0.6174,107.0,,114.5,15.59,249.0,14.594,272.8,87.48,,750.0,1.3314,0.736,3.83,17.234,4.77,0.10192,464.8,37.0,926.0,582.15,,161.74,6828.0,,706.0,1450.0,28.13,110.95,242.45,1.87,58.0,50.0,167.6,695.8,141.6,1560.0,108.9,29998.97,1580.0,16790.0,199.35,0.15265,1283.5,349.0,329.8,509.6,12.81,75.8,8920.0,3.195,4.61,1.132,76.84,56.81,309.74,,0.1186,1619.6,6.64,210.9,3129.0,1.686,925.0,,259.89,34.935,798.0,1638.99,460.0,123.98,8.11,3119.0,2832.0,10300.0,71.8,6950.0,2.61
2024-01-25 00:00:00+00:00,2829.0,669.4,915.5,40860.0,406.45,0.1618,578.5,666.25,13.2,113.8,0.7278,3.2385,415.6,0.5779,108.0,,113.9,15.19,254.3,17.38,269.85,86.66,,761.0,1.3198,0.7355,3.88,17.79,4.49,0.9904,466.8,38.9,908.5,576.0,,160.48,6819.5,,699.0,1459.8,28.8,114.25,240.0,0.998,57.675,50.97,165.36,692.1,140.64,1536.0,108.1,29580.0,1582.0,16780.0,199.29,0.14825,1239.5,349.9,326.8,506.0,12.6,75.3,8860.0,3.193,4.68,1.119,75.83,55.86,304.67,,0.12285,1623.8,6.572,210.5,3181.0,1.65,918.8,,274.9,35.2,779.5,1886.62,459.98,122.3,8.145,3099.0,2809.0,10300.0,72.15,6911.5,2.567
2024-01-26 00:00:00+00:00,2795.0,684.8,911.0,40820.0,406.0,0.175,585.0,680.6,12.92,108.8,0.7482,3.232,415.6,0.5828,105.99,,115.0,15.34,249.83,17.758,271.2,86.44,,758.2,1.3244,0.717,3.98,17.163,4.65,0.9804,464.8,37.0,904.5,577.65,,160.8,6920.0,,742.0,1443.8,28.12,114.0,235.8,1.27,57.29,49.47,164.7,693.6,140.25,1508.0,108.6,29499.82,1576.5,16820.0,198.95,0.14425,1222.0,352.5,324.9,503.0,12.49,74.7,8810.0,3.177,4.65,1.116,77.19,55.5,306.78,,0.11815,1615.6,6.71,209.3,3300.0,1.629,915.2,,252.47,35.3,760.0,2000.0,473.99,122.9,8.115,3104.6,2859.0,10300.0,71.94,6870.0,2.5235
2024-01-29 00:00:00+00:00,2838.0,687.0,917.0,40260.0,405.19,0.1715,590.0,682.8,12.96,110.48,0.7344,3.3645,417.95,0.5875,100.63,,113.15,15.165,246.9,16.5,273.95,89.16,,750.2,1.3288,0.706,4.11,17.168,4.246,0.978,468.0,37.7,900.0,580.45,,161.4,6975.0,,745.5,1436.8,27.95,106.89,239.2,0.944,57.81,49.5,166.0,699.2,141.77,1536.0,106.7,29249.97,1578.5,16600.0,209.9,0.14185,1215.0,343.3,327.6,488.6,12.525,75.8,9200.0,3.46,4.68,1.1275,77.96,54.18,303.59,,0.11305,1630.6,6.626,209.75,3263.0,1.67,900.0,,258.18,34.95,762.0,1985.44,458.56,122.28,9.68,3164.0,2896.5,10220.0,71.2,6909.0,2.4975
2024-01-30 00:00:00+00:00,2830.0,679.8,915.0,41480.0,402.97,0.1744,596.5,691.5,12.94,110.46,0.736,3.413,423.75,0.5795,101.0,,122.35,15.6,245.16,15.9,274.5,89.58,,753.0,1.3218,0.693,4.1,17.19,4.267,0.9778,475.8,36.93,916.0,578.45,,161.1,7007.0,,745.0,1443.2,29.9,107.0,239.5,0.929,58.61,49.58,164.6,696.7,141.25,1512.0,112.8,29499.98,1590.0,16670.0,205.88,0.1403,1235.0,339.4,327.1,493.0,12.6,77.7,9000.0,3.39,4.935,1.16,76.75,53.96,314.85,,0.11195,1685.0,6.682,209.85,3233.0,1.675,887.6,,248.8,35.27,779.0,1754.0,475.0,123.93,10.64,3225.0,2930.0,10170.0,71.5,7113.0,2.486
2024-01-31 00:00:00+00:00,2876.0,700.0,915.0,42060.0,440.0,0.1659,586.0,699.45,12.76,113.1,0.7294,3.3085,428.1,0.5879,98.87,,121.6,15.835,248.0,15.848,275.0,89.0,,747.0,1.3192,0.677,3.952,17.286,4.21,0.9938,474.2,36.71,908.5,576.5,,160.82,7122.0,,755.0,1449.0,30.3,108.88,239.7,0.94,58.72,49.64,166.74,704.1,142.67,1526.0,113.5,29149.99,1586.0,16650.0,204.9,0.13935,1204.0,333.5,325.9,486.0,12.66,76.45,8950.0,3.17,4.106,1.158,76.8,54.8,322.42,,0.10995,1688.8,6.59,207.65,3294.0,1.6485,868.8,,247.0,35.475,759.0,1705.17,469.39,123.45,9.3,3248.0,2932.5,10415.0,71.75,7099.0,2.53
2024-02-01 00:00:00+00:00,2919.0,707.0,936.0,41820.0,427.0,0.1622,586.0,693.85,13.2,115.66,0.728,3.304,425.1,0.59,101.99,,121.35,15.67,249.42,15.78,276.65,88.2,,736.8,1.3194,0.693,3.95,17.406,4.197,0.9944,472.6,36.44,901.0,582.0,,160.2,7145.0,,753.5,1460.0,29.5,109.5,241.5,0.92,59.66,49.7,166.88,709.7,143.65,1530.0,112.1,29149.98,1580.0,17760.0,205.45,0.138,1199.0,323.25,322.8,484.6,12.63,76.9,9220.0,3.192,4.915,1.145,76.9,52.95,322.35,,0.1098,1679.8,6.784,207.85,3400.0,1.674,895.0,,251.6,35.665,750.0,1762.0,479.89,124.25,8.94,3209.0,2941.0,10385.0,72.1,7138.0,2.5075
2024-02-02 00:00:00+00:00,2842.0,687.0,915.0,41580.0,412.16,0.161,578.0,677.95,12.74,111.4,0.72,3.334,417.95,0.5938,107.9,,119.85,15.4,260.0,15.528,277.0,87.56,,764.0,1.305,0.678,3.9,17.444,4.17,0.983,467.8,36.94,900.0,584.95,,159.92,7127.0,,759.0,1456.6,29.12,113.44,237.5,0.898,60.6,49.39,164.58,709.8,142.2,1558.0,109.6,29199.98,1581.0,17250.0,205.46,0.1384,1150.0,330.7,321.4,481.6,12.47,77.0,8900.0,3.4,4.8,1.126,76.46,62.8,320.8,,0.1088,1710.0,6.7,207.5,3510.0,1.684,869.8,,244.7,35.555,724.0,1755.0,476.0,123.2,8.775,3192.0,2914.0,10160.0,71.24,7194.5,2.486
2024-02-05 00:00:00+00:00,2828.0,689.6,925.0,41220.0,426.66,0.1616,583.5,689.95,12.78,110.98,0.7262,3.4295,428.7,0.6,102.79,,121.0,15.475,261.0,15.48,281.4,86.76,,771.4,1.3088,0.6725,3.88,17.532,4.19,0.1009,475.4,36.67,894.0,592.95,,159.7,7185.0,,775.0,1498.0,29.23,114.1,239.85,0.898,59.54,48.97,167.5,712.0,143.25,1550.0,108.9,29698.96,1594.5,17190.0,203.81,0.13985,1163.0,326.15,324.7,478.0,12.49,76.9,9070.0,3.167,4.15,1.145,75.96,56.4,329.0,,0.11,1627.0,6.71,208.3,3650.0,1.664,865.0,,252.9,36.7,723.5,1970.0,559.0,123.18,8.975,3186.0,2926.5,10195.0,71.15,7168.5,2.4655
2024-02-06 00:00:00+00:00,2835.0,684.0,924.5,40960.0,427.99,0.181,579.5,672.0,12.88,110.86,0.725,3.48,433.2,0.6043,104.88,,119.25,16.165,258.94,15.94,280.95,88.88,,765.0,1.2816,0.6975,3.866,17.49,4.228,0.1025,479.0,36.99,891.0,593.75,,160.48,7171.0,,764.0,1499.8,28.87,118.98,238.5,0.9375,59.135,48.8,165.82,710.9,143.0,1530.0,111.0,29499.98,1587.5,16810.0,201.74,0.14205,1150.0,324.4,322.6,476.0,12.84,75.9,8980.0,3.188,4.14,1.122,76.45,55.96,329.57,,0.1153,1627.8,6.696,208.55,3748.0,1.7295,878.8,,245.69,36.88,741.5,1949.99,588.5,122.7,9.1,3207.0,2899.0,10230.0,71.29,7199.0,2.4525
2024-02-07 00:00:00+00:00,2908.0,687.0,919.5,40700.0,445.0,0.1838,578.5,670.9,12.98,110.56,0.7276,3.47,429.8,0.5999,112.92,,118.9,18.25,264.88,15.63,279.25,90.72,,773.0,1.3144,0.7145,3.925,17.5,4.26,0.104,477.0,36.85,891.0,595.7,,160.42,7272.5,,758.0,1484.2,28.77,119.98,239.9,0.99,57.83,48.79,167.44,714.9,144.27,1536.0,111.0,29984.0,1604.0,16880.0,204.0,0.14,1198.0,326.0,322.6,472.6,13.7,75.6,8930.0,3.37,4.134,1.1355,76.73,52.9,325.99,,0.1186,1603.4,6.79,209.25,3777.0,1.77,912.8,317.0,256.0,36.555,745.0,2126.0,719.99,123.9,9.36,3279.0,2891.0,10255.0,71.34,7301.5,2.482
2024-02-08 00:00:00+00:00,2950.0,678.0,914.5,41920.0,460.9,0.19,572.0,665.5,12.88,109.16,0.7166,3.397,431.95,0.5998,124.19,,116.9,18.94,265.0,15.524,277.1,90.5,,776.0,1.3088,0.71,3.895,17.8,4.184,0.1039,473.6,36.63,890.5,591.4,,159.74,7288.0,,751.5,1467.6,29.0,142.6,241.95,0.933,57.285,48.19,166.96,715.9,143.15,1510.0,110.6,29449.9,1612.0,16770.0,203.39,0.13875,1205.5,328.35,322.0,459.6,12.855,75.5,8870.0,3.388,4.128,1.135,76.14,55.76,325.79,,0.113,1591.0,6.718,208.95,3734.0,1.715,909.8,289.0,262.0,36.335,743.5,2499.33,847.0,124.95,9.39,3298.0,2889.0,10140.0,70.59,7425.0,2.482
2024-02-09 00:00:00+00:00,2897.0,664.0,903.0,41060.0,458.77,0.18,569.5,662.85,13.4,106.84,0.7048,3.461,426.65,0.5981,131.51,,114.25,18.3,257.5,15.414,278.0,89.12,,768.0,1.288,0.69,3.82,18.23,4.154,0.101,469.6,35.99,889.5,592.9,,158.1,7260.0,,752.0,1466.4,28.5,143.0,242.4,0.8995,56.3,46.61,164.66,713.7,142.3,1468.0,109.1,28850.0,1599.5,17190.0,200.65,0.13565,1177.0,318.5,318.6,456.0,12.67,74.5,8700.0,3.25,4.9,1.1135,75.49,60.0,318.24,,0.1111,1588.8,6.656,207.25,3564.0,1.658,880.0,280.0,251.0,35.78,728.5,2082.7,820.77,122.48,9.18,3145.6,2866.5,10020.0,69.54,7328.0,2.45
2024-02-12 00:00:00+00:00,2878.0,671.8,894.5,40480.0,431.65,0.1729,563.5,656.95,12.8,107.0,0.7038,3.528,429.2,0.5939,117.0,,113.5,17.48,257.7,15.26,279.4,91.86,,778.8,1.2818,0.6825,3.708,18.318,4.129,0.9964,466.2,35.1,892.0,592.35,,157.72,7280.0,,757.5,1431.0,28.43,129.4,235.5,0.9115,56.555,48.9,173.74,714.4,141.67,1466.0,109.0,29000.0,1620.5,16540.0,200.9,0.13355,1158.0,313.55,314.9,454.0,12.71,74.0,8560.0,3.188,4.965,1.965,75.19,57.0,319.29,,0.10975,1599.8,6.568,207.75,3698.0,1.609,883.2,275.0,243.5,35.645,711.5,2106.51,645.98,122.9,8.88,3105.0,2996.5,10055.0,69.5,7345.5,2.394
2024-02-13 00:00:00+00:00,2848.0,696.0,910.0,40820.0,439.0,0.1697,554.0,675.0,12.68,106.54,0.705,3.514,426.45,0.595,112.82,,114.1,17.97,257.6,15.5,283.35,92.98,,804.8,1.2756,0.6875,3.845,18.128,4.85,0.1005,466.2,35.27,894.0,593.45,,155.96,7311.0,,757.5,1424.0,28.25,131.97,232.0,0.895,55.835,47.99,175.92,714.0,141.7,1452.0,108.6,28999.91,1659.5,16440.0,201.53,0.13665,1143.5,311.5,315.7,477.0,12.855,72.9,8800.0,3.146,4.106,1.88,79.86,56.2,319.9,,0.111,1616.8,6.482,210.0,3703.0,1.607,893.8,271.4,248.0,35.8,727.5,2013.99,609.34,123.45,8.89,3124.0,3157.0,10050.0,68.56,7313.0,2.4
2024-02-14 00:00:00+00:00,2884.0,698.8,898.5,40560.0,408.96,0.1639,544.0,695.0,12.52,106.5,0.7136,3.471,427.7,0.5953,108.0,,114.2,17.955,262.79,15.71,283.5,94.5,,830.0,1.2968,0.679,3.77,18.2,4.106,0.10052,460.6,35.27,900.0,594.65,,154.68,7283.0,,767.5,1431.8,28.25,130.99,231.15,0.9275,55.845,47.67,175.8,711.8,141.89,1468.0,109.9,28949.98,1679.5,16340.0,200.9,0.13795,1135.5,305.5,317.0,480.6,12.965,72.5,8790.0,3.148,4.92,1.11,81.6,55.4,321.35,,0.1118,1622.0,6.388,213.9,3668.0,1.5975,1048.0,284.25,242.47,35.63,748.0,2010.65,571.99,123.5,8.92,3150.0,3199.0,10150.0,69.4,7428.5,2.4
2024-02-15 00:00:00+00:00,2848.0,716.0,894.0,40300.0,411.33,0.1671,546.0,718.1,12.62,106.0,0.7126,3.468,421.8,0.5896,117.0,,114.0,17.76,263.85,15.484,284.35,93.62,,839.6,1.309,0.6745,3.719,18.19,4.77,0.9988,455.2,34.35,895.0,591.6,,152.32,7295.0,,779.0,1415.8,28.2,126.99,229.3,0.92,55.33,47.19,178.7,710.1,141.79,1436.0,108.8,29349.99,,16360.0,198.88,0.14185,1179.0,298.15,318.0,503.6,13.6,72.9,8800.0,3.135,4.87,1.1295,83.87,56.0,317.45,,0.10965,1618.2,6.384,213.3,3600.0,1.59,1126.6,286.0,239.96,35.43,718.0,2047.99,554.88,122.73,8.9,3117.6,3179.0,10065.0,68.44,7508.0,2.394
2024-02-16 00:00:00+00:00,2879.0,678.2,895.0,40140.0,405.0,0.164,545.5,720.95,12.68,105.64,0.7048,3.515,419.0,0.586,108.87,,113.6,17.875,267.85,15.292,283.6,93.3,,829.8,1.2848,0.675,3.73,18.349,4.97,0.9966,456.2,34.41,895.5,591.0,,152.92,7300.0,,780.0,1420.0,28.1,128.31,235.95,0.909,55.95,46.75,172.3,709.8,142.25,1434.0,108.3,29001.57,,16380.0,199.1,0.14115,1153.0,291.0,318.5,516.0,13.105,71.95,8730.0,3.129,4.875,1.138,85.5,56.0,316.2,,0.1088,1620.2,6.786,212.0,3689.0,1.5865,1106.0,284.15,238.91,35.335,732.0,1999.9,550.0,124.5,8.99,,3178.0,10045.0,68.99,7494.5,2.418
2024-02-19 00:00:00+00:00,2815.0,669.4,881.5,39700.0,404.7,0.1637,543.0,716.0,12.3,105.98,0.6902,3.5995,413.9,0.5822,107.75,,111.35,18.86,266.0,15.638,281.3,92.0,,827.0,1.2622,0.6595,3.687,18.43,4.49,0.9836,449.6,34.8,893.0,589.5,,150.86,7240.5,,775.5,1416.0,27.83,127.0,228.0,0.901,54.39,45.48,172.1,707.6,140.68,1432.0,108.7,30500.0,,16250.0,198.78,0.1369,1128.0,286.2,322.0,507.6,13.33,71.1,8560.0,3.146,4.665,1.119,87.37,53.73,315.38,,0.1085,1610.6,6.31,204.6,3633.0,1.559,1042.2,287.0,239.0,34.955,716.0,2050.0,559.0,125.25,8.94,,3160.0,9980.0,70.37,7516.5,2.4895
2024-02-20 00:00:00+00:00,2795.0,667.0,895.0,39340.0,438.0,0.1605,526.0,705.5,12.24,106.3,0.6734,3.6135,407.45,0.5797,107.1,,111.25,19.15,264.35,15.65,279.65,91.76,,798.0,1.2576,0.653,3.586,17.92,3.947,0.9822,445.0,33.19,892.0,586.5,,149.58,7192.5,,755.0,1401.0,27.22,124.39,226.0,0.915,53.7,44.7,169.5,703.0,140.18,1410.0,107.5,29444.97,,16070.0,196.95,0.134,1100.0,282.9,319.2,498.0,13.4,72.0,8560.0,3.145,4.485,1.1125,89.2,53.0,316.5,,0.10695,1603.8,6.222,203.5,3587.0,1.538,1128.4,292.4,236.87,34.85,700.0,2040.99,547.95,124.88,9.35,,3218.5,9775.0,71.4,7491.0,2.451
2024-02-21 00:00:00+00:00,2635.0,653.6,840.5,38580.0,395.0,0.1649,512.0,689.85,11.96,105.14,0.6582,3.415,398.4,0.57,106.84,,108.8,18.45,256.56,15.3,280.1,90.4,,788.2,1.224,0.63,3.417,17.853,3.925,0.9598,442.0,31.49,877.5,576.75,,145.76,7115.0,,752.0,1390.0,26.79,123.4,218.95,0.8875,53.17,43.32,160.5,692.0,136.49,1454.0,106.1,29998.94,1688.0,15790.0,191.91,0.12855,1044.0,268.0,310.0,450.0,12.535,69.4,8370.0,3.308,4.7,1.75,88.15,63.37,307.94,,0.103,1579.6,6.18,201.0,3420.0,1.594,1108.8,283.55,233.95,34.58,660.5,1940.0,509.3,119.25,8.8,,3117.5,9730.0,70.12,7399.0,2.44
2024-02-22 00:00:00+00:00,2601.0,649.4,860.0,37460.0,400.7,0.1548,499.0,675.85,11.64,103.76,0.655,3.356,388.75,0.5613,102.9,,107.5,18.35,257.28,14.75,280.5,89.62,,809.0,1.219,0.626,3.378,17.997,3.908,0.9506,441.2,31.81,887.0,565.75,,145.56,7040.0,9.0,750.0,1362.0,26.66,121.0,221.6,0.8785,53.815,45.73,161.26,695.8,135.84,1362.0,105.9,29649.98,1649.0,15850.0,191.8,0.12855,1045.0,254.85,309.0,356.0,12.48,69.0,8800.0,3.88,4.4,1.8,87.63,77.15,285.67,,0.1015,1585.4,6.23,200.3,3569.0,1.57,1299.0,279.3,230.0,34.5,670.0,1948.99,523.96,117.78,8.45,,3107.0,9420.0,70.9,7278.5,2.413
2024-02-26 00:00:00+00:00,2650.0,660.8,870.5,38840.0,400.9,0.1509,524.0,689.9,12.12,103.6,0.6586,3.45,395.2,0.5652,105.0,,110.0,18.78,268.0,14.78,282.55,91.74,,877.8,1.2496,0.637,3.443,18.16,3.945,0.9626,443.8,34.16,888.0,577.3,,147.46,7178.5,8.35,762.5,1353.4,27.0,117.8,224.45,0.8745,54.4,45.6,162.48,702.7,134.8,1400.0,106.7,29398.37,1649.0,15940.0,200.0,0.1297,1100.0,257.75,318.9,321.6,12.62,71.0,8350.0,2.998,4.5,1.95,89.2,93.92,280.47,,0.10395,1616.4,6.296,204.75,3530.0,1.566,1430.0,279.65,229.46,35.1,684.5,1889.97,540.85,119.25,8.95,,3134.0,9280.0,71.65,7450.0,2.46
2024-02-27 00:00:00+00:00,2700.0,663.2,866.0,38800.0,378.0,0.16,532.5,687.55,12.34,105.7,0.679,3.435,402.0,0.5627,103.64,,109.9,18.76,273.98,14.998,283.45,93.4,,966.0,1.24,0.68,3.53,18.147,3.947,0.985,441.0,33.68,884.5,575.55,,147.4,7163.0,7.714,769.0,1377.0,27.22,122.99,223.85,0.8995,54.195,44.89,163.6,699.0,134.25,1392.0,107.0,29399.86,1643.0,16010.0,201.97,0.14305,1099.5,269.0,318.0,286.6,12.635,70.95,8320.0,2.997,4.5,1.945,90.77,114.48,288.69,,0.1078,1635.0,6.23,203.8,3527.0,1.574,1800.0,279.2,231.0,34.6,699.0,1889.0,519.75,118.43,8.89,,3175.5,9300.0,72.93,7499.5,2.457
2024-02-28 00:00:00+00:00,2658.0,654.6,859.5,38200.0,384.99,0.179,518.5,694.8,12.8,105.5,0.6902,3.41,392.85,0.5615,102.61,,108.55,18.525,269.65,14.78,285.3,102.88,,1056.6,1.217,0.6735,3.566,18.109,3.939,0.9646,438.6,33.5,916.0,570.35,,146.34,7276.0,7.66,763.5,1373.0,27.46,124.0,221.45,0.917,54.2,44.25,164.98,698.8,133.3,1396.0,105.9,,1624.0,15850.0,200.99,0.13555,1071.5,274.2,318.8,264.0,12.815,70.55,8280.0,2.999,4.2,1.895,93.8,139.54,282.98,,0.113,1639.2,6.476,203.0,3498.0,1.5495,1760.0,285.85,230.7,34.545,699.0,1857.99,510.14,117.78,8.785,,3190.0,9245.0,72.99,7686.0,2.488
2024-02-29 00:00:00+00:00,2626.0,654.2,866.5,38300.0,390.24,0.178,594.0,707.0,11.94,107.6,0.678,3.436,381.5,0.5587,100.99,,109.3,18.58,268.62,14.734,291.25,101.94,,1027.8,1.2094,0.652,3.456,18.5,3.996,0.963,438.8,33.49,918.5,580.5,,147.22,7402.0,8.6,755.5,1360.0,27.22,118.17,224.0,0.932,55.0,45.6,164.8,714.7,137.68,1390.0,108.5,28998.67,1617.0,15890.0,201.39,0.1358,1131.0,259.0,311.0,247.0,12.8,70.5,8410.0,2.948,4.965,1.92,92.22,123.0,278.8,,0.1059,1656.6,6.55,200.8,3477.0,1.553,1618.4,288.0,236.92,35.29,693.0,1866.99,517.36,117.85,8.87,,3249.5,9190.0,71.54,7679.0,2.4995
2024-03-01 00:00:00+00:00,2605.0,667.0,860.0,38400.0,385.0,0.1597,647.0,707.0,12.2,106.28,0.675,3.421,375.95,0.5648,100.99,,109.25,19.3,281.72,14.712,292.5,100.58,,997.8,1.2426,0.6555,3.547,18.569,3.976,0.955,442.6,32.95,906.5,581.6,,146.2,7464.0,8.888,776.5,1355.0,27.0,117.2,218.65,0.9135,55.18,45.4,164.0,714.9,137.4,1392.0,107.5,29299.97,1616.0,15750.0,200.48,0.1323,1125.5,253.75,311.0,229.6,12.805,70.4,8370.0,3.3,4.93,1.785,93.1,105.9,279.74,,0.1049,1678.8,6.422,202.35,3430.0,1.473,1598.8,287.3,239.98,34.98,692.0,1819.4,522.0,119.95,8.58,,3290.0,9285.0,72.37,7725.0,2.496
2024-03-04 00:00:00+00:00,2622.0,665.0,903.0,38180.0,374.99,0.1585,608.5,686.2,12.38,106.12,0.6714,3.446,392.8,0.5737,100.35,,114.7,19.48,293.76,14.696,293.25,101.68,,1022.8,1.293,0.656,3.51,18.75,3.984,0.9718,455.4,32.96,907.0,583.6,,150.16,7534.0,8.7,773.5,1357.0,26.99,118.99,220.0,0.915,55.52,47.62,162.48,726.2,136.9,1398.0,108.0,29280.0,1599.5,15800.0,201.9,0.13255,1107.0,262.8,311.5,260.0,12.745,70.0,8360.0,2.976,4.675,1.1155,93.9,108.0,287.48,,0.1029,1682.2,6.45,205.8,3440.0,1.435,1654.6,289.0,236.95,35.37,667.5,1860.0,513.98,119.35,9.265,,3400.0,9355.0,73.73,7710.0,2.472
2024-03-05 00:00:00+00:00,2611.0,664.4,892.0,38700.0,384.0,0.1669,569.5,674.85,11.9,106.3,0.67,3.4345,397.25,0.58,99.5,,114.5,19.33,288.3,14.706,292.9,98.0,,1013.8,1.295,0.659,3.66,18.744,3.972,0.9782,452.0,32.43,903.0,588.8,,150.6,7544.5,8.73,765.0,1347.8,26.97,120.5,220.0,0.918,55.5,47.9,161.18,728.0,136.5,1418.0,107.4,29298.74,1615.0,16400.0,207.2,0.13215,1087.0,264.7,309.8,258.0,12.6,69.6,8360.0,2.888,4.77,1.11,92.48,107.5,288.0,,0.10315,1688.8,6.386,205.95,3647.0,1.46,1739.8,298.75,234.0,34.845,675.0,1839.86,508.85,119.15,8.855,,3395.0,9525.0,74.22,7739.5,2.4475
2024-03-06 00:00:00+00:00,2584.0,660.0,880.0,38780.0,378.72,0.155,594.0,679.2,12.2,104.66,0.6748,3.475,394.5,0.5774,100.0,,113.95,19.695,289.4,14.58,291.35,99.12,,1027.0,1.265,0.649,3.591,18.639,3.947,0.9694,448.4,32.32,924.5,589.95,,151.34,7561.5,8.486,756.5,1389.8,26.79,119.1,219.9,0.9095,55.68,48.69,160.5,739.0,136.55,1416.0,107.2,29698.61,1610.0,16890.0,207.48,0.13095,1094.0,291.65,307.9,254.6,12.695,72.75,8480.0,2.9,4.1175,1.99,91.62,105.35,284.75,,0.10155,1688.8,6.498,205.1,3731.0,1.455,1712.0,304.9,232.89,34.785,671.5,1794.71,504.21,118.35,8.695,,3341.0,9260.0,74.71,7678.5,2.4725
2024-03-07 00:00:00+00:00,2577.0,660.0,886.5,38380.0,366.55,0.1529,577.5,684.0,12.12,103.8,0.6622,3.48,395.9,0.5782,101.0,,112.9,19.815,285.58,14.504,291.4,99.0,,998.0,1.26,0.645,3.58,18.637,3.968,0.9764,453.6,32.68,910.5,589.8,,151.82,7517.0,8.666,753.5,1395.0,27.25,119.5,222.25,0.9035,55.385,49.3,160.28,743.8,137.92,1410.0,111.8,28450.2,1611.0,17140.0,209.0,0.1325,1093.5,297.5,307.4,241.0,12.545,72.45,8260.0,2.865,4.1,1.985,92.94,101.55,283.88,,0.10135,1706.2,6.52,204.45,3748.0,1.4675,1667.2,299.6,229.97,34.745,685.0,1787.32,499.0,117.85,8.795,,3337.5,9180.0,74.95,7651.0,2.5055
2024-03-11 00:00:00+00:00,2570.0,659.4,876.5,38580.0,379.98,0.1529,577.5,690.0,12.2,104.5,0.6664,3.5315,401.65,0.579,98.98,,112.5,19.77,284.84,14.612,292.5,99.46,,1005.0,1.2584,0.6455,3.55,18.75,4.102,0.10096,450.8,32.99,912.5,592.5,,152.28,7592.5,8.618,750.5,1399.0,27.6,119.58,219.4,0.901,55.35,50.0,160.9,746.4,140.0,1414.0,112.8,28590.92,1640.0,16720.0,211.0,0.13145,1079.0,293.7,306.3,268.0,12.535,71.8,8300.0,2.848,4.875,1.1075,93.8,103.5,291.99,,0.1014,1728.2,6.408,205.25,3974.0,1.44,1672.0,291.0,229.99,34.79,689.0,1777.63,497.32,117.5,9.4,,3378.0,9185.0,75.32,7767.5,2.55
2024-03-12 00:00:00+00:00,2544.0,654.8,870.0,38380.0,385.85,0.1487,559.0,686.85,12.3,105.0,0.6588,3.55,395.7,0.5757,97.25,,111.6,19.45,283.42,16.1,295.5,98.1,,991.2,1.25,0.642,3.439,19.195,4.97,0.995,449.8,33.93,903.5,589.0,,150.78,7575.5,8.588,741.0,1423.8,27.48,116.88,217.0,0.8915,55.14,49.24,159.26,745.0,138.24,1410.0,110.4,28879.98,1635.0,16350.0,209.3,0.13,1105.0,283.6,309.8,274.6,12.525,70.1,8350.0,2.845,4.12,1.95,92.68,99.0,303.49,,0.1012,1728.2,6.302,205.2,3980.0,1.433,1659.0,292.1,229.0,35.15,700.0,1730.0,483.0,117.0,9.2,,3314.0,9135.0,75.44,7794.0,2.572
2024-03-13 00:00:00+00:00,2538.0,653.4,860.0,38140.0,379.5,0.151,552.0,684.0,12.1,104.7,0.6614,3.5385,394.95,0.5892,98.6,,110.65,19.44,288.5,15.2,297.0,98.5,,997.8,1.244,0.6365,3.6,19.875,4.93,0.992,452.0,35.69,904.0,588.35,,151.68,7554.5,8.496,750.0,1426.8,27.29,122.6,215.9,0.89,55.88,48.45,158.76,753.0,138.66,1410.0,109.4,28849.79,1623.0,16440.0,209.0,0.1315,1087.0,280.0,307.9,241.6,12.585,69.9,8390.0,2.826,4.125,1.815,92.2,104.32,303.99,,0.10265,1740.0,6.306,204.35,3954.0,1.427,1755.0,291.35,229.99,35.22,709.5,1766.31,485.0,117.63,9.48,,3337.0,9160.0,75.62,7764.0,2.5665
2024-03-14 00:00:00+00:00,2528.0,645.2,853.0,37700.0,385.99,0.1448,542.5,676.65,12.14,104.6,0.6584,3.5185,395.0,0.584,98.98,,110.4,19.225,287.5,14.95,296.95,96.74,,1023.2,1.229,0.635,3.486,20.172,4.51,0.9718,447.8,33.58,899.0,586.0,,151.5,7434.5,8.52,748.0,1408.6,27.23,118.55,213.4,0.8925,56.9,47.35,157.0,747.0,136.87,1396.0,107.9,27999.99,1608.0,16430.0,208.3,0.12845,1084.5,273.55,304.8,241.6,12.395,69.8,8350.0,2.868,4.11,1.69,91.18,97.89,297.28,,0.10325,1738.6,6.258,202.8,3888.0,1.4145,1840.0,290.35,233.1,35.3,691.0,1709.0,495.0,117.15,9.335,,3322.0,9105.0,74.9,7648.5,2.515
2024-03-15 00:00:00+00:00,2471.0,638.8,866.0,37460.0,387.44,0.145,572.0,696.1,11.92,103.4,0.6524,3.52,398.5,0.5762,98.49,,108.15,19.295,286.35,14.614,294.85,96.0,,1034.4,1.2268,0.614,3.422,19.69,4.3,0.9624,443.6,32.5,898.5,587.15,,151.2,7404.0,8.48,748.0,1408.4,26.75,123.94,214.4,0.878,55.7,46.45,156.38,748.8,136.54,1364.0,107.7,,1605.5,16280.0,211.5,0.1285,1064.5,268.5,302.7,240.0,12.32,69.5,8210.0,2.82,4.13,1.87,92.48,93.9,297.71,,0.1004,1724.4,6.198,203.15,3884.0,1.373,1832.0,287.15,227.97,34.94,677.0,1652.0,469.55,116.3,9.93,,3326.0,8965.0,74.45,7695.0,2.56
2024-03-18 00:00:00+00:00,2530.0,652.0,869.5,37440.0,361.5,0.148,561.5,690.0,11.9,104.5,0.6392,3.4975,395.2,0.5661,98.99,,108.0,19.47,300.0,14.46,295.5,96.48,,942.0,1.2362,0.65,3.548,19.74,4.5,0.9576,444.6,32.43,911.0,586.45,,151.5,7397.5,8.48,747.0,1415.0,27.2,125.5,214.85,0.904,55.73,46.2,158.3,726.8,135.9,1410.0,107.2,28881.99,1603.0,16070.0,211.64,0.12865,1074.0,259.0,301.0,228.6,12.28,69.5,8250.0,2.69,4.132,1.975,92.5,94.0,294.77,,0.10315,1743.6,6.3,203.6,3890.0,1.37,1976.0,290.0,229.97,35.75,673.5,1748.91,495.43,116.83,10.57,3090.0,3374.0,8985.0,74.82,7676.0,2.675
2024-03-19 00:00:00+00:00,2580.0,648.0,890.0,37100.0,357.4,0.148,548.5,689.2,11.72,104.18,0.649,3.46,395.0,0.5682,102.92,,108.5,19.44,314.9,14.832,292.75,97.2,,941.8,1.2294,0.638,3.586,19.863,4.15,0.9528,447.2,32.28,910.0,583.7,,150.0,7349.0,8.468,742.5,1408.0,27.0,118.9,218.2,0.8505,55.47,45.54,157.96,721.6,133.9,1380.0,109.0,28499.97,1594.0,15920.0,210.0,0.129,1062.0,267.65,302.4,221.6,12.14,69.65,8600.0,2.68,4.1355,1.1115,91.92,88.0,297.8,,0.9915,1730.8,6.186,197.6,3943.0,1.3665,2074.0,290.7,234.98,34.835,682.0,1639.99,495.0,114.93,11.0,3286.0,3421.0,9380.0,75.3,7686.5,2.6
2024-03-20 00:00:00+00:00,2503.0,636.0,864.0,36780.0,342.99,0.143,544.0,705.5,11.68,115.0,0.6392,3.4585,397.4,0.5629,102.0,,107.35,19.165,350.0,14.64,296.0,97.52,,948.2,1.2072,0.6235,3.53,19.669,3.949,0.9482,440.0,31.79,929.5,566.55,,148.84,7460.0,8.4,740.5,1386.6,26.84,120.85,211.9,0.8415,55.18,47.22,158.98,706.4,132.0,1356.0,107.0,27850.2,1624.5,15900.0,213.88,0.12455,1037.0,264.0,299.0,217.0,12.1,69.35,8170.0,2.609,4.1295,1.775,96.44,84.49,296.31,,0.9655,1742.0,6.22,194.95,3913.0,1.3525,1978.8,292.1,225.5,34.325,670.0,1623.97,481.94,112.63,10.34,3344.6,3512.0,9200.0,77.5,7663.0,2.528
2024-03-21 00:00:00+00:00,2508.0,641.0,853.5,37440.0,349.0,0.1428,541.0,701.15,11.96,110.5,0.6466,3.4165,406.95,0.5578,101.0,,107.4,19.115,343.62,14.41,294.75,98.5,,949.0,1.195,0.629,3.444,20.4,4.1,0.9496,450.0,31.73,915.5,575.0,,150.52,7454.5,8.46,775.5,1385.0,27.0,120.75,216.7,0.8335,55.7,47.62,160.8,703.9,131.1,1348.0,106.3,28879.97,1628.0,16190.0,215.9,0.1423,1048.5,258.85,299.9,227.0,12.105,70.5,8270.0,2.539,4.103,1.875,98.0,83.97,289.9,,0.9765,1805.0,6.178,192.5,3954.0,1.36,1908.8,311.0,226.0,34.11,664.0,1599.9,483.89,113.45,10.995,3183.6,3562.0,9110.0,77.38,7650.0,2.565
2024-03-22 00:00:00+00:00,2550.0,631.8,860.0,37940.0,343.45,0.144,536.5,693.9,11.64,111.5,0.6436,3.427,406.55,0.5558,100.79,,107.3,19.225,331.72,14.342,293.5,100.1,,957.0,1.1992,0.6305,3.43,20.359,3.888,0.9618,443.0,31.23,908.0,563.95,,149.98,7538.0,8.462,790.0,1368.0,26.55,122.95,215.5,0.843,56.29,48.42,161.0,708.9,133.0,1346.0,105.5,28200.2,1635.0,15680.0,217.0,0.1557,1026.5,261.0,299.2,220.0,12.195,69.75,8150.0,2.489,4.945,1.1,96.24,90.0,288.9,,0.1044,1804.6,6.17,198.6,4048.0,1.3865,1840.0,311.4,220.27,34.25,658.0,1596.0,475.0,113.23,12.7,3129.0,3547.5,8995.0,77.18,7608.5,2.5285
2024-03-25 00:00:00+00:00,2484.0,616.2,850.0,37200.0,334.99,0.1385,533.0,694.0,11.56,109.44,0.6818,3.3655,402.1,0.58,98.0,,105.95,19.0,340.0,14.62,292.5,99.96,,946.0,1.199,0.6175,3.383,20.58,3.829,0.9348,436.6,31.9,904.5,559.85,,152.7,7452.0,8.4,777.0,1367.0,25.9,120.96,212.5,0.829,55.8,47.55,159.96,696.1,129.2,1322.0,105.1,27599.98,1613.0,15540.0,215.87,0.14345,1019.5,256.45,300.5,214.0,12.18,69.6,8110.0,2.494,4.865,1.805,93.89,87.0,281.99,,0.10195,1836.8,6.98,193.7,4048.0,1.4165,1819.0,309.45,218.93,33.8,670.0,1555.0,479.99,113.45,13.25,3115.0,3543.0,8955.0,76.5,7640.0,2.501
2024-03-26 00:00:00+00:00,2545.0,619.0,852.0,37580.0,336.99,0.1389,561.0,705.0,11.82,109.16,0.6866,3.415,400.65,0.5732,98.1,,105.15,19.175,346.0,14.778,296.75,92.3,,946.0,1.209,0.6395,3.43,21.0,3.745,0.9394,437.2,32.39,910.0,559.0,,153.14,7455.0,8.3,799.0,1333.8,25.89,125.0,214.15,0.8265,56.73,47.0,168.0,694.6,130.99,1340.0,106.0,27799.98,1630.0,15690.0,215.5,0.14325,1032.5,254.4,301.0,233.0,12.465,69.7,8330.0,2.618,4.905,1.1085,97.15,93.54,282.43,,0.1035,1857.6,6.174,196.75,4081.0,1.42,1799.0,305.4,221.99,33.49,688.0,1554.99,479.99,113.7,12.6,3165.0,3643.0,8955.0,76.82,7700.0,2.541
2024-03-27 00:00:00+00:00,2560.0,623.4,844.0,37100.0,333.96,0.1384,540.0,701.5,11.9,112.98,0.6842,3.42,399.85,0.5747,97.9,,104.95,19.85,337.5,14.962,299.9,91.6,,939.6,1.229,0.637,3.477,22.67,3.725,0.9428,431.8,32.7,912.5,557.5,,153.22,7497.0,8.168,847.0,1319.8,26.55,128.9,213.75,0.824,56.835,47.5,169.68,697.5,129.55,1340.0,105.2,27789.95,1635.0,15750.0,220.5,0.1478,1033.0,252.85,300.3,218.6,12.415,70.7,8840.0,2.58,4.94,1.775,95.95,90.0,282.11,,0.10365,1894.4,6.146,196.5,4149.0,1.385,1950.2,363.35,222.88,33.47,693.5,1559.0,470.0,113.38,12.115,3174.0,3705.0,9150.0,78.74,7749.5,2.55
2024-03-28 00:00:00+00:00,2539.0,618.0,839.5,36920.0,327.98,0.1323,532.5,699.3,11.76,113.6,0.671,3.3815,399.85,0.5658,97.79,,104.35,18.98,328.31,14.65,301.0,92.44,,989.0,1.2122,0.648,3.459,22.5,3.83,0.9312,432.8,33.0,911.5,565.8,,153.58,7517.0,8.23,849.5,1322.0,27.4,129.96,211.75,0.889,56.82,47.12,165.0,692.5,129.19,1330.0,106.0,28048.88,1632.0,15700.0,222.8,0.1376,1018.0,248.5,298.0,214.6,12.45,70.3,8320.0,2.529,4.92,1.725,98.2,67.1,278.3,,0.1035,1889.8,6.9,196.15,4203.0,1.378,2050.0,332.6,218.9,34.435,690.0,1664.21,468.0,113.8,12.395,3165.0,3834.0,9125.0,78.78,7878.0,2.516
2024-03-29 00:00:00+00:00,2515.0,613.6,851.0,36760.0,380.0,0.1335,531.0,689.45,11.58,111.88,0.6654,3.363,398.25,0.5555,99.1,,104.2,19.445,327.99,14.7,299.7,93.46,,983.6,1.2,0.661,3.443,22.565,3.779,0.918,431.4,31.77,929.0,569.4,1070.0,152.5,7578.0,8.7,882.0,1329.0,26.91,136.35,211.9,0.826,56.67,46.97,166.48,697.3,128.37,1336.0,105.7,31000.0,1648.0,15960.0,222.89,0.1343,1017.5,246.55,299.0,217.6,12.405,69.3,8400.0,2.52,4.8,1.7,102.17,64.2,278.95,,0.1012,1890.0,6.5,196.65,4361.0,1.3625,2014.6,335.0,219.5,34.4,681.5,1598.93,464.99,115.5,13.61,3192.0,3810.0,9065.0,79.33,7968.0,2.5085
2024-04-01 00:00:00+00:00,2523.0,623.8,883.5,37880.0,332.84,0.1325,572.0,741.65,11.72,113.86,0.68,3.393,415.0,0.5574,97.47,,106.3,20.0,325.48,14.644,302.5,94.2,,1000.0,1.2082,0.665,3.409,24.876,3.833,0.9344,434.2,32.48,965.0,573.55,980.0,152.8,7666.0,8.4,925.0,1320.0,27.3,139.16,215.8,0.8475,57.245,49.27,167.38,712.7,131.2,1360.0,107.0,30000.0,1659.0,16260.0,225.0,0.14075,1067.0,245.5,314.8,214.6,12.38,69.75,8350.0,2.619,4.213,1.75,104.8,,288.9,,0.10115,1896.0,6.98,197.65,4424.0,1.4255,1920.0,324.85,219.98,34.685,673.5,1629.99,468.49,116.7,14.945,3218.6,3904.0,8970.0,79.42,7988.0,2.534
2024-04-02 00:00:00+00:00,2530.0,621.4,894.0,39880.0,337.6,0.1324,567.0,818.9,11.78,114.7,0.68,3.5475,416.5,0.562,100.19,,106.65,19.95,318.39,14.83,302.25,93.28,,1014.8,1.3096,0.659,3.5,24.718,3.82,0.9346,442.6,33.32,969.0,574.5,980.0,,7689.0,8.2,925.0,1314.6,27.46,134.85,216.65,0.8145,56.95,50.58,166.0,715.1,132.26,1378.0,111.0,29099.86,1643.0,16380.0,229.9,0.13725,1070.0,242.55,315.2,224.0,12.335,70.25,8420.0,2.569,4.327,1.128,103.45,,290.3,,0.10105,1874.0,6.294,199.95,4499.0,1.415,1834.4,335.0,229.0,34.495,749.0,1698.95,462.68,119.8,16.425,3222.0,3907.5,9085.0,79.89,7965.0,2.52
2024-04-03 00:00:00+00:00,2544.0,637.4,894.5,39680.0,330.0,0.1315,579.5,817.9,11.8,122.78,0.6432,3.4895,412.75,0.5608,98.8,,110.0,20.3,323.32,15.2,304.35,92.9,,1008.0,1.27,0.654,3.524,24.4,3.854,0.9318,464.2,32.96,959.0,579.0,985.6,,7699.0,8.106,1090.5,1290.2,27.57,134.16,228.8,0.8145,57.28,54.0,165.1,712.3,132.54,1384.0,109.4,28999.97,1642.0,16970.0,230.0,0.1369,1097.0,248.0,316.2,216.0,12.755,71.0,8400.0,2.554,4.3285,1.134,102.85,,289.84,,0.101,1869.4,6.448,199.6,4477.0,1.3985,1913.0,354.0,221.97,37.275,681.5,1680.0,469.99,119.98,18.5,3206.6,3850.0,9080.0,79.97,7860.0,2.5135
2024-04-04 00:00:00+00:00,2595.0,637.8,917.5,39280.0,330.0,0.1395,563.5,808.4,11.8,131.64,0.6436,3.4575,416.0,0.5623,99.6,,108.75,20.26,323.23,15.592,303.9,92.82,,1018.0,1.2936,0.654,3.485,24.335,3.894,0.9424,484.8,32.95,958.5,580.0,1024.0,,7783.5,8.7,1029.5,1321.0,27.57,130.0,229.2,0.813,58.42,53.72,165.74,717.0,131.39,1362.0,108.0,,1645.5,16850.0,229.64,0.13485,1094.5,249.4,323.0,214.0,12.74,71.95,8490.0,2.6,4.297,1.133,100.3,,288.38,,0.10035,1862.2,6.73,199.3,4700.0,1.497,1893.2,356.0,223.48,39.42,674.0,1680.0,464.99,121.75,19.84,3196.0,3891.5,9200.0,78.99,7920.0,2.526
2024-04-05 00:00:00+00:00,2766.0,622.4,886.5,42840.0,324.99,0.1478,586.0,796.7,11.88,123.8,0.642,3.514,408.9,0.5637,99.1,,107.3,20.17,319.47,15.188,303.5,92.42,,1029.6,1.257,0.656,3.61,24.1,3.816,0.934,472.0,32.43,951.0,579.65,1018.0,,7777.5,8.14,998.5,1306.8,27.22,127.0,228.8,0.8285,57.735,52.3,165.0,712.7,132.0,1370.0,107.9,,1645.0,16320.0,232.0,0.13265,1069.0,261.0,322.8,211.6,12.63,71.0,9130.0,3.18,4.284,1.1245,99.8,,287.87,,0.10195,1840.4,6.68,198.95,4573.0,1.4645,1924.0,350.65,220.4,38.825,695.0,1649.0,465.4,120.6,17.48,3152.6,3919.0,9640.0,78.48,7943.5,2.5195
2024-04-08 00:00:00+00:00,2654.0,614.6,885.5,44840.0,324.7,0.1397,592.5,781.95,11.94,120.0,0.64,3.4895,405.8,0.5649,101.88,,109.85,20.5,320.8,15.188,304.0,93.52,,1088.4,1.2798,0.685,3.74,25.65,3.827,0.955,520.0,32.7,961.0,579.75,1024.0,156.38,7777.0,8.132,1044.0,1303.2,27.15,125.96,239.0,0.814,57.55,51.59,165.22,713.0,133.49,1398.0,107.5,29899.87,1641.5,17680.0,234.0,0.1325,1063.5,266.55,326.1,210.6,13.135,72.6,8570.0,2.682,4.298,1.1795,99.0,,287.9,,0.10195,1844.0,6.68,200.4,4556.0,1.494,1829.0,355.0,218.44,39.725,690.0,1792.67,529.69,120.98,17.13,3168.0,3928.5,9305.0,78.46,8000.0,3.445
2024-04-09 00:00:00+00:00,2626.0,616.8,900.0,43960.0,366.74,0.1386,579.0,776.5,12.14,118.78,0.6382,3.4655,403.1,0.564,101.85,,111.95,20.2,323.0,15.8,304.1,95.98,,1132.2,1.32,0.6845,3.739,24.65,3.822,0.953,549.0,32.67,941.5,576.2,1021.4,164.0,7844.0,8.18,1043.0,1287.8,27.88,122.9,228.1,0.8235,57.495,50.9,169.36,715.3,133.6,1398.0,109.1,28899.9,1642.0,17280.0,233.18,0.13375,1082.0,268.3,325.0,209.0,13.16,72.6,8490.0,2.577,4.2905,1.1885,100.0,,286.47,,0.105,1867.2,6.412,200.6,4636.0,1.488,1765.0,359.5,218.0,40.225,682.0,1749.99,475.0,120.63,18.825,3167.6,3855.0,9300.0,78.29,8065.0,3.2815
2024-04-10 00:00:00+00:00,2596.0,609.8,883.0,42480.0,325.2,0.1399,564.5,774.75,11.94,116.8,0.6354,3.516,399.65,0.5692,102.44,,109.65,19.95,320.98,14.818,305.4,97.3,,1149.0,1.308,0.7,3.67,23.88,3.863,0.1025,545.0,32.36,922.5,574.5,1009.0,165.8,7837.0,8.74,1017.0,1287.8,27.52,124.79,221.1,0.8745,58.4,50.45,165.28,712.1,131.99,1370.0,108.0,28649.98,1641.5,16950.0,230.96,0.14935,1065.0,257.0,319.8,204.0,12.705,71.55,8400.0,2.512,4.252,1.1545,98.1,,284.5,,0.10595,1865.0,6.352,198.95,4684.0,1.448,1708.4,358.5,241.0,41.31,675.0,1730.91,484.0,119.5,20.69,3143.0,3820.0,9275.0,77.36,7967.0,3.98
2024-04-11 00:00:00+00:00,2570.0,607.6,900.5,42540.0,325.0,0.1375,577.5,798.0,11.88,113.98,0.653,3.527,398.0,0.5887,99.9,,109.15,19.68,319.5,14.736,306.65,97.8,,1164.6,1.314,0.7045,3.773,23.989,3.826,0.104,538.6,34.78,935.0,579.0,1015.8,164.6,7870.0,8.72,1035.0,1288.0,27.42,124.0,222.8,0.9005,58.5,49.87,165.56,712.6,132.89,1376.0,109.7,28899.99,1638.5,16740.0,229.77,0.1487,1082.0,258.95,321.8,201.6,12.84,71.5,8430.0,2.559,4.3125,1.146,97.67,,284.9,,0.10765,1853.0,6.69,199.0,4715.0,1.437,1658.0,354.85,217.98,41.84,693.5,1779.0,476.45,119.25,20.67,3143.0,3814.5,9200.0,77.11,7958.5,3.815
2024-04-12 00:00:00+00:00,2552.0,618.2,894.0,41640.0,318.0,0.135,564.0,806.25,11.74,115.12,0.6498,3.4905,398.95,0.582,99.1,,108.0,19.445,320.67,14.522,309.8,96.58,,1140.0,1.343,0.685,3.723,23.749,3.817,0.9914,536.8,32.65,930.0,579.5,1014.9,167.48,7865.0,8.44,1058.5,1295.2,27.45,122.54,224.0,0.838,58.45,50.55,166.82,724.0,132.76,1394.0,108.5,29222.0,1627.5,18180.0,231.73,0.1388,1065.0,257.5,319.0,201.0,12.79,70.85,8390.0,2.53,4.306,1.1395,97.8,,281.35,,0.1031,1838.4,6.51,198.75,4867.0,1.463,1712.0,349.3,218.98,42.785,670.5,1750.0,465.78,120.83,19.8,3114.0,3763.0,9200.0,77.44,8000.0,3.1675
2024-04-15 00:00:00+00:00,2605.0,615.0,888.5,40460.0,364.85,0.1335,569.0,852.2,11.96,118.48,0.6408,3.524,397.5,0.5736,99.49,,108.6,19.615,318.94,14.636,312.5,96.88,,1152.0,1.2964,0.68,3.741,24.45,3.814,0.1014,520.0,32.64,926.5,589.85,1007.9,164.98,7931.0,8.124,1080.0,1310.0,27.44,120.72,223.3,0.839,58.33,50.97,169.4,741.8,135.9,1500.0,109.4,29799.98,1634.0,17640.0,231.94,0.142,1076.0,251.2,321.8,196.0,12.895,70.35,8300.0,2.549,4.284,1.146,99.7,,279.4,,0.1032,1845.8,6.398,198.15,5073.0,1.4445,1695.0,345.0,224.89,43.18,671.0,1655.0,467.99,120.38,19.955,3115.0,3838.0,9085.0,77.2,8258.0,3.4
2024-04-16 00:00:00+00:00,2588.0,615.0,886.5,40000.0,430.0,0.144,559.0,859.0,11.78,119.0,0.6624,3.585,399.9,0.579,101.87,,110.35,19.49,322.41,14.63,321.0,95.64,,1142.8,1.2774,0.693,3.657,24.949,3.85,0.10176,498.0,32.91,939.0,592.5,1010.0,162.3,7929.5,8.186,1086.5,1305.2,28.7,124.0,227.2,0.85,58.5,51.72,167.1,740.8,137.6,1476.0,108.8,29407.0,1631.5,18270.0,230.11,0.13995,1096.0,248.75,320.0,205.0,12.905,70.2,8220.0,2.502,4.2715,1.139,100.3,,280.13,,0.1045,1838.0,6.4,202.8,5268.0,1.427,1638.8,343.5,249.5,41.835,679.5,1629.99,476.0,119.6,19.38,3108.0,3869.5,9035.0,77.1,8365.5,3.7
2024-04-17 00:00:00+00:00,2690.0,610.4,879.0,41000.0,445.94,0.1364,556.5,844.85,11.66,116.96,0.6402,3.5445,396.85,0.58,99.96,,112.0,19.37,321.0,14.54,321.5,95.72,,1144.0,1.2644,0.704,3.645,25.627,3.848,0.9974,492.8,33.49,935.0,590.75,1017.2,160.38,7918.0,8.186,1090.0,1295.2,29.2,123.75,227.85,0.8425,57.85,50.6,165.84,739.8,138.99,1456.0,117.9,29170.2,1622.0,17970.0,229.44,0.14615,1109.5,245.0,321.0,199.0,12.92,70.25,8190.0,2.49,4.264,1.135,99.55,,277.99,,0.10295,1879.0,6.392,204.7,5087.0,1.4285,1612.4,345.0,246.98,41.19,683.0,1648.0,466.0,119.15,19.48,3077.0,3921.0,8970.0,76.74,8257.0,3.2385
2024-04-18 00:00:00+00:00,3120.0,606.6,873.5,41580.0,373.1,0.1349,548.5,826.3,11.64,114.96,0.641,3.5245,396.8,0.5782,95.94,,111.5,19.15,321.8,14.514,318.45,95.9,,1139.8,1.2514,0.71,3.645,25.98,3.89,0.993,498.8,34.38,921.0,585.85,1014.3,160.76,7897.5,8.276,1062.0,1286.8,28.8,121.0,233.0,0.8375,57.495,50.15,164.3,721.2,137.0,1472.0,119.3,29099.99,1615.0,17460.0,229.9,0.14445,1128.0,245.8,324.6,194.0,12.755,72.0,8380.0,2.477,4.285,1.1265,99.99,,276.42,,0.10245,1885.0,6.274,204.4,5036.0,1.439,1550.4,343.4,245.0,41.65,682.5,1648.0,479.96,119.53,19.35,3090.0,4004.5,9110.0,76.21,8192.0,3.2145
2024-04-19 00:00:00+00:00,3314.0,606.0,874.5,40520.0,376.43,0.1335,575.0,821.6,11.66,116.34,0.64,3.523,397.9,0.5742,96.56,,109.35,19.19,319.89,14.6,321.0,97.8,,1129.8,1.277,0.7035,3.636,26.119,3.918,0.9948,496.6,34.0,923.0,588.4,1048.8,160.4,7868.5,8.326,1065.0,1283.4,28.51,121.0,233.85,0.83,57.125,49.99,163.88,723.9,137.84,1440.0,118.0,34439.83,1620.0,17380.0,228.81,0.14445,1144.0,247.0,324.5,193.6,12.77,71.5,8120.0,2.479,4.28,1.13,99.91,,276.8,,0.101,1873.8,6.55,204.95,5015.0,1.42,1695.0,342.5,244.99,41.32,677.5,1639.0,467.0,120.18,18.545,3108.6,4111.0,8955.0,76.64,8230.0,3.71
2024-04-22 00:00:00+00:00,3083.0,609.6,871.5,40120.0,367.2,0.1318,594.5,845.8,11.98,114.44,0.6376,3.533,408.2,0.5728,96.11,,110.5,19.4,318.8,14.684,320.4,101.9,,1125.8,1.287,0.725,3.695,27.65,3.882,0.10004,494.2,33.47,919.0,589.4,1048.7,160.88,7878.0,8.28,1054.5,1277.4,29.8,122.3,232.5,0.834,57.2,50.0,164.46,722.3,138.23,1438.0,123.8,34499.0,1620.0,17080.0,229.0,0.14385,1114.5,246.95,325.6,192.6,12.69,75.0,8090.0,2.45,4.368,1.134,99.88,,275.94,,0.1027,1885.0,6.59,205.15,5091.0,1.4,1728.2,344.55,244.65,42.95,666.5,1630.0,464.99,120.5,18.21,3088.6,4198.0,8940.0,77.38,8281.0,3.16
2024-04-23 00:00:00+00:00,3045.0,611.4,862.5,39500.0,365.0,0.1317,580.0,840.0,12.2,114.3,0.6356,3.53,400.75,0.5643,97.1,,109.1,19.25,315.8,14.656,322.6,102.7,,1118.0,1.2868,0.728,3.631,27.137,3.844,0.1002,498.8,33.69,910.5,589.0,1054.0,159.74,7886.5,8.156,1025.0,1269.0,28.74,121.95,229.45,0.823,57.7,49.78,164.64,731.0,136.58,1430.0,122.7,37800.1,1619.5,17080.0,228.25,0.14445,1092.5,245.0,327.7,195.6,12.48,74.35,7990.0,2.444,4.35,1.1235,98.39,,273.9,,0.1016,1888.0,6.582,203.15,5039.0,1.376,1711.6,344.0,241.98,42.9,699.0,1635.0,460.88,121.43,19.35,3149.0,4204.0,8860.0,77.96,8300.0,3.4
2024-04-24 00:00:00+00:00,2927.0,601.6,840.5,41840.0,363.0,0.1297,563.5,831.3,11.9,115.28,0.63,3.524,397.7,0.5675,96.0,,108.35,19.115,309.54,14.902,312.5,105.0,,1107.6,1.2486,0.7175,3.636,26.557,3.985,0.9826,484.0,33.86,901.5,583.4,1048.0,157.84,7854.0,8.166,1019.5,1258.6,28.23,118.5,225.7,0.8155,56.4,48.26,163.44,726.0,134.7,1462.0,119.6,37990.0,1611.0,16980.0,225.5,0.14245,1082.5,242.85,319.7,191.0,12.625,73.25,8020.0,2.447,4.2635,1.1085,96.46,,274.84,,0.997,1878.4,6.462,201.2,4900.0,1.36,1662.4,337.4,239.0,42.58,669.5,1617.95,456.79,118.98,20.92,3120.0,4104.0,8830.0,76.8,8277.5,3.0
2024-04-25 00:00:00+00:00,2782.0,605.0,843.0,41340.0,362.0,0.1299,580.0,833.65,11.84,113.28,0.64,3.482,400.2,0.5695,94.7,,107.1,19.145,318.29,14.582,311.25,106.0,,1122.8,1.2686,0.7225,3.499,26.5,3.91,0.9774,493.0,33.75,906.0,581.25,1056.0,158.0,7831.5,8.64,1011.0,1254.0,27.76,117.95,219.0,0.814,56.76,48.5,163.7,723.7,135.44,1458.0,117.7,35500.0,1603.0,16820.0,227.89,0.1395,1068.0,241.45,318.4,193.6,12.495,71.5,7900.0,2.42,4.2745,1.1,97.8,,274.29,,0.1013,1877.0,6.442,201.4,5049.0,1.345,1679.6,332.5,241.86,43.39,663.5,1598.97,455.0,119.3,22.99,3108.6,4175.0,8890.0,76.63,8198.5,2.914
2024-04-26 00:00:00+00:00,2923.0,604.4,838.0,40980.0,355.0,0.132,570.5,826.45,11.74,115.3,0.633,3.454,406.15,0.5678,92.96,,107.8,19.19,322.3,14.46,314.7,105.76,,1119.6,1.2672,0.7275,3.49,26.14,3.818,0.974,496.0,33.69,909.0,584.9,1059.9,157.86,7940.0,8.98,1140.0,1249.6,28.1,116.25,219.65,0.8095,57.49,48.49,165.6,723.5,136.65,1442.0,119.7,36000.0,1606.0,16920.0,233.89,0.1387,1054.5,235.0,316.8,188.0,12.48,71.15,7830.0,2.488,4.2635,1.885,98.35,,270.3,,0.9945,1884.0,6.39,201.0,4970.0,1.347,1708.0,334.75,241.0,43.845,658.5,1599.8,456.1,119.1,21.96,3104.6,4270.0,8920.0,76.97,8329.0,3.29
2024-04-27 00:00:00+00:00,2883.0,597.0,863.5,40500.0,358.0,0.1235,643.5,821.8,11.7,115.0,0.6294,3.4305,400.8,0.5598,92.5,,109.4,19.25,321.0,14.26,313.5,109.0,,1128.0,1.2526,0.7315,3.477,25.849,3.832,0.971,485.6,33.29,909.0,584.5,1052.8,157.0,8018.5,8.76,1205.0,1242.0,27.96,117.0,218.75,0.827,57.55,47.91,172.12,722.0,135.55,1440.0,119.9,35500.0,1605.5,17010.0,233.73,0.1399,1055.5,233.1,307.1,185.6,12.315,70.3,7860.0,2.42,4.264,1.95,97.65,,268.49,,0.10165,1889.0,6.5,202.45,4936.0,1.3405,1660.0,335.95,241.28,44.0,655.0,1598.0,459.0,118.15,23.96,3100.0,4267.5,8795.0,76.96,8330.0,3.215
2024-04-29 00:00:00+00:00,2923.0,590.0,850.5,40360.0,350.0,0.1249,588.5,818.9,11.78,113.4,0.6346,3.429,403.95,0.5615,92.48,,107.4,19.175,315.0,14.26,313.45,108.38,,1130.0,1.2538,0.7315,3.457,26.39,3.83,0.9666,486.2,32.83,902.5,583.95,1059.9,156.9,8161.5,8.9,1173.0,1234.2,28.8,114.81,224.8,0.814,55.455,47.6,179.78,721.9,135.2,1444.0,118.5,38800.0,1601.5,16620.0,236.52,0.13875,1063.0,253.5,310.9,184.6,12.375,70.9,7890.0,2.43,4.293,1.103,97.46,,265.19,,0.1028,1935.8,6.424,203.6,5175.0,1.229,1658.6,337.25,234.95,43.95,653.5,1594.0,450.0,118.48,23.8,3105.0,4369.0,8875.0,77.65,8360.0,3.0
2024-04-30 00:00:00+00:00,2908.0,585.6,842.0,39880.0,348.76,0.1201,591.5,807.8,11.74,112.72,0.64,3.377,402.25,0.5676,90.19,,106.4,19.18,312.71,14.3,313.0,108.28,,1146.8,1.2498,0.734,3.559,26.295,3.87,0.103,485.4,34.2,895.0,583.65,1053.6,155.26,8175.0,8.86,1160.0,1238.4,28.4,115.7,224.85,0.8135,55.25,47.25,185.4,722.2,134.4,1460.0,118.9,36500.0,1601.5,16550.0,236.4,0.1455,1093.5,242.8,309.7,185.0,12.36,69.95,7900.0,2.404,4.31,1.985,97.1,,257.49,,0.1028,1946.0,6.41,202.85,5159.0,1.207,1632.2,329.5,231.96,43.885,679.0,1580.0,458.45,117.95,22.795,3093.6,4404.0,8880.0,77.56,8431.5,2.99
2024-05-02 00:00:00+00:00,2867.0,581.6,992.5,40700.0,344.75,0.1216,592.5,831.0,12.0,113.62,0.652,3.382,399.0,0.5666,90.98,,106.75,19.65,312.0,14.166,311.9,106.42,,1025.6,1.2448,0.75,3.467,25.821,3.846,0.1034,481.0,32.9,898.0,587.0,1049.9,156.88,8125.0,8.42,1216.5,1237.4,28.78,117.5,226.7,0.8225,55.545,47.79,184.0,723.1,134.49,1426.0,119.1,35689.0,1603.5,16560.0,237.66,0.14145,1132.0,238.8,307.8,220.4,12.43,69.75,7880.0,2.41,4.304,1.975,96.88,,253.99,,0.10185,1936.4,6.666,205.7,5298.0,1.186,1646.2,328.8,235.84,43.58,683.0,1587.0,454.0,117.4,24.0,3096.6,4385.0,8805.0,79.9,8430.0,2.997
2024-05-03 00:00:00+00:00,2806.0,591.6,994.0,40380.0,350.0,0.1186,581.5,814.6,11.78,118.0,0.6414,3.34,401.2,0.5665,90.9,,106.2,19.0,311.7,14.92,309.75,103.96,,968.0,1.2274,0.749,3.441,26.49,3.795,0.9876,469.5,32.58,928.0,586.4,1054.0,155.38,8100.0,8.64,1210.0,1246.2,28.59,114.98,221.75,0.8195,55.74,48.88,180.14,720.9,134.89,1450.0,117.4,35400.0,1602.0,16780.0,236.13,0.13515,1140.0,240.6,303.8,240.0,12.325,69.35,8180.0,2.698,4.293,1.1095,95.88,,247.66,,0.1054,1924.6,6.588,208.0,5147.0,1.189,1585.6,335.9,229.99,42.79,680.0,1578.87,453.99,116.25,23.48,3082.6,4365.0,8720.0,79.6,8321.0,2.97
2024-05-06 00:00:00+00:00,2820.0,587.2,997.5,40320.0,347.48,0.1218,576.5,802.85,11.9,113.28,0.6398,3.35,401.9,0.5639,89.5,,105.5,18.545,306.99,14.418,309.85,103.38,,953.0,1.24,0.77,3.405,25.943,3.762,0.996,467.0,32.58,918.0,586.15,1048.0,156.8,8089.0,7.95,1288.0,1237.6,28.21,113.8,223.5,0.84,55.75,48.23,186.3,717.5,134.63,1430.0,117.1,37800.0,1601.0,16570.0,235.18,0.13615,1120.0,236.0,305.0,228.0,12.335,68.9,7940.0,2.694,4.39,1.95,97.39,,247.77,,0.10685,1923.6,6.37,218.3,5147.0,1.1805,1576.2,332.2,222.68,42.9,700.0,1550.0,447.97,115.43,23.4,3165.0,4480.5,8680.0,77.94,8306.5,2.9
2024-05-07 00:00:00+00:00,2895.0,583.2,944.5,39980.0,338.18,0.116,568.0,803.0,11.74,112.94,0.6336,3.341,399.7,0.5662,89.5,,105.35,18.89,308.6,14.16,309.1,101.52,,955.4,1.235,0.78,3.484,26.82,3.748,0.9988,467.9,32.49,908.5,584.35,1035.5,156.46,7763.5,7.93,1259.0,1242.0,28.1,112.87,225.0,0.823,55.12,48.43,184.44,719.3,134.36,1434.0,117.9,36000.0,1652.0,16480.0,232.84,0.14355,1117.0,233.3,303.3,225.0,12.565,68.5,7970.0,2.466,4.4525,1.1115,97.56,,247.34,,0.10365,1921.8,6.4,220.9,5076.0,1.158,1537.8,327.85,220.5,42.55,696.5,1549.0,437.68,115.68,22.8,3189.0,4589.5,8665.0,78.1,8294.0,2.8795
2024-05-08 00:00:00+00:00,2914.0,588.0,968.0,39940.0,337.97,0.1113,591.0,802.1,11.72,112.14,0.6332,3.313,399.0,0.5688,87.99,,104.85,19.29,308.6,14.16,311.55,103.7,,949.8,1.2316,0.787,3.42,26.81,3.756,0.9916,469.95,32.45,914.0,582.0,1040.0,154.7,7772.0,7.84,1279.5,1242.6,28.0,109.77,225.5,0.8335,55.18,47.93,184.4,722.9,135.0,1500.0,118.6,37000.0,1661.0,16590.0,233.0,0.1365,1124.5,233.75,303.3,210.8,12.74,68.75,7890.0,2.499,4.412,1.109,97.2,,246.79,,0.106,1934.0,6.328,217.85,5090.0,1.2275,1525.0,324.1,218.9,43.0,679.5,1523.0,430.0,115.88,22.4,3183.0,4658.0,8660.0,78.24,8316.0,2.881
2024-05-10 00:00:00+00:00,2813.0,579.4,944.0,39660.0,343.97,0.1099,581.0,794.6,11.96,111.68,0.6314,3.332,398.9,0.5669,96.1,,104.7,19.71,307.8,14.92,312.8,103.7,,943.4,1.212,0.7485,3.418,27.0,3.732,0.9882,485.1,32.16,909.5,582.5,1043.2,154.64,7726.0,7.802,1239.5,1234.0,27.94,107.59,220.1,0.82,55.74,47.54,187.0,738.2,136.37,1462.0,117.5,37800.0,1640.5,17300.0,233.44,0.13405,1118.0,233.55,306.5,198.8,12.61,68.45,7820.0,2.499,4.5395,1.111,97.37,,256.96,,0.1048,1963.0,6.304,216.5,5046.0,1.2215,1511.2,323.65,218.0,43.43,665.0,1531.0,431.99,115.93,22.1,3128.0,4530.0,8655.0,78.57,8380.5,2.903
2024-05-13 00:00:00+00:00,2825.0,584.2,1063.0,39880.0,344.82,0.1111,574.0,789.9,11.9,110.84,0.6334,3.3795,409.95,0.5763,89.61,,104.5,20.245,307.61,14.76,315.3,102.42,,942.8,1.215,0.763,3.424,27.3,3.728,0.9958,481.95,33.4,909.5,590.0,1036.5,152.9,7732.0,7.836,1245.0,1240.0,27.85,107.29,221.85,0.8385,57.7,47.25,190.0,733.3,137.5,1468.0,117.8,37000.0,1649.0,16640.0,232.47,0.1396,1114.5,232.0,307.1,211.4,12.69,68.9,7840.0,2.475,4.57,1.133,97.36,,262.26,,0.1066,1989.2,6.34,218.25,5078.0,1.2295,1576.2,326.75,218.8,42.735,675.0,1515.0,429.0,116.58,21.77,3133.6,4610.0,8885.0,79.7,8425.5,2.841
2024-05-14 00:00:00+00:00,2784.0,607.6,1074.0,39720.0,334.27,0.1129,573.0,797.65,11.78,110.36,0.6328,3.445,409.9,0.5786,85.14,,104.2,20.495,323.5,14.12,313.85,101.7,,944.6,1.217,0.763,3.484,28.1,3.783,0.9896,488.95,33.16,908.0,594.0,1032.0,152.66,7710.0,7.826,1206.0,1241.0,27.81,104.39,222.9,0.827,58.795,46.74,189.26,729.7,137.13,1452.0,116.9,38389.0,1687.0,16650.0,233.39,0.13665,1106.5,230.85,305.7,204.2,12.68,68.8,7780.0,2.479,4.536,1.1205,97.5,,253.42,,0.10295,1977.0,6.286,222.0,5190.0,1.222,1529.4,330.0,218.5,43.15,675.5,1600.0,436.89,115.7,22.56,3103.6,4608.5,8940.0,79.8,8362.5,2.8065
2024-05-15 00:00:00+00:00,2848.0,621.0,1035.0,39640.0,332.0,0.1104,570.0,791.85,11.74,108.76,0.6302,3.442,407.75,0.5739,85.76,,105.4,19.965,326.32,13.952,313.2,100.34,,952.0,1.2584,0.757,3.439,29.148,3.743,0.9738,497.15,32.78,904.0,599.3,1029.8,152.98,7692.0,7.734,1208.5,1231.6,28.39,106.0,222.45,0.819,58.76,46.93,187.48,741.4,137.0,1518.0,117.9,36000.0,1680.0,16550.0,234.81,0.135,1083.0,228.45,304.8,202.2,12.68,68.95,7730.0,2.448,4.48,1.117,96.65,,252.78,,0.10195,1978.0,6.266,219.5,5375.0,1.191,1545.0,329.85,218.81,45.18,662.5,1607.0,432.0,116.3,22.24,3103.6,4607.0,8730.0,79.91,8470.0,3.5
2024-05-16 00:00:00+00:00,2839.0,621.0,1082.0,39560.0,322.43,0.1056,564.5,811.0,11.68,108.46,0.635,3.479,404.15,0.5729,87.3,,105.5,19.65,318.97,13.768,313.5,98.98,,944.4,1.244,0.731,3.445,29.433,3.724,0.9726,486.9,32.4,903.5,600.0,1038.0,153.78,7724.5,7.63,1239.0,1231.0,28.25,102.94,221.0,0.8115,58.69,48.4,192.44,748.6,137.4,1488.0,116.7,35300.1,1682.0,16460.0,238.4,0.1335,1118.0,227.5,304.3,198.8,12.945,69.25,7830.0,2.464,4.402,1.1035,102.5,,252.69,,0.991,1977.4,6.29,217.5,5315.0,1.14,1528.8,341.75,214.0,44.72,657.5,1544.0,433.0,116.98,22.1,3139.6,4556.5,8635.0,81.43,8488.0,2.89
2024-05-17 00:00:00+00:00,2830.0,635.0,1085.0,39400.0,317.0,0.1056,579.0,819.6,11.86,109.82,0.6302,3.497,403.55,0.5728,83.74,,104.1,19.445,318.99,13.43,313.5,100.96,,947.0,1.2198,0.71,3.405,29.439,3.725,0.9736,492.0,32.13,903.5,596.7,1050.0,157.3,7871.5,7.588,1229.5,1228.8,27.9,100.4,218.0,0.811,59.38,48.38,187.0,749.0,136.62,1478.0,116.5,35983.96,1685.0,16280.0,239.88,0.13695,1111.0,229.15,302.4,194.0,12.955,68.95,7710.0,2.45,4.436,1.995,107.99,,250.14,,0.973,1975.8,6.374,219.35,5295.0,1.1295,1558.0,335.3,215.0,45.93,668.5,1526.99,418.6,116.35,21.65,3093.6,4649.5,8540.0,81.2,8379.0,2.759
2024-05-20 00:00:00+00:00,2872.0,641.6,1070.5,39280.0,312.98,0.1053,557.5,805.45,11.7,109.4,0.6272,3.4815,406.5,0.5706,82.5,,106.35,19.3,318.0,13.404,312.5,102.72,,941.6,1.2126,0.703,3.365,29.245,3.72,0.963,480.55,31.6,901.5,596.35,1045.0,159.44,7938.0,7.512,1211.0,1222.4,28.15,100.35,215.3,0.802,59.315,47.16,184.4,745.9,135.9,1426.0,120.0,35499.99,1686.0,16770.0,241.5,0.136,1115.0,233.75,302.7,192.8,12.98,68.9,7660.0,2.447,4.433,1.935,108.0,,248.54,,0.9685,1976.8,6.256,216.9,5228.0,1.1335,1520.6,339.8,211.23,44.465,658.0,1526.0,416.1,115.88,21.25,3078.0,4725.5,8455.0,83.18,8325.0,2.8095
2024-05-21 00:00:00+00:00,2833.0,625.0,1068.0,38480.0,313.83,0.993,538.5,786.95,11.6,105.26,0.619,3.3595,407.35,0.5447,77.79,,105.5,19.2,310.8,13.71,310.45,99.24,,901.2,1.19,0.7195,3.237,29.852,3.683,0.9378,470.2,30.67,894.0,597.5,1040.8,153.38,7900.0,7.438,1186.5,1202.2,27.91,98.96,216.0,0.773,59.66,46.35,183.46,736.2,133.9,1372.0,117.9,35000.0,1674.0,16370.0,239.2,0.1308,1112.5,234.4,294.2,198.2,12.49,68.5,7600.0,2.423,4.3835,1.8,105.65,,244.25,,0.957,1970.6,6.11,211.55,5200.0,1.94,1524.8,332.25,206.0,44.445,646.5,1502.99,410.0,113.5,20.95,3023.0,4677.5,8245.0,81.68,8268.0,2.788
2024-05-22 00:00:00+00:00,2875.0,611.4,1068.0,38420.0,314.0,0.976,551.5,787.55,11.56,108.1,0.6186,3.442,408.9,0.543,78.13,,103.35,19.85,314.69,13.354,310.45,101.0,,890.2,1.182,0.728,3.35,29.915,3.711,0.9318,466.85,31.1,899.0,597.25,1040.0,153.0,7879.0,7.238,1168.0,1191.6,27.48,97.74,215.1,0.777,59.65,46.32,185.5,742.2,133.28,1298.0,115.7,,1704.0,16350.0,239.87,0.12895,1113.5,231.7,294.3,195.6,12.635,67.7,7580.0,2.42,4.378,1.74,107.19,,245.99,,0.98,2009.0,6.44,219.9,5313.0,1.545,1505.0,333.35,214.0,44.68,639.0,1500.99,431.99,113.23,20.78,3007.0,4685.5,8085.0,82.12,8233.0,2.786
2024-05-23 00:00:00+00:00,2815.0,617.4,1050.5,38140.0,305.0,0.958,544.5,785.9,11.72,103.76,0.613,3.4805,409.3,0.5446,74.19,,102.2,18.995,313.16,13.418,308.35,98.0,,856.8,1.175,0.724,3.274,29.449,3.579,0.93,467.0,30.5,894.0,596.65,1039.4,155.76,7861.0,7.328,1169.0,1186.0,27.58,99.82,210.85,0.777,59.9,46.24,180.42,741.6,133.33,1272.0,118.7,35399.99,1703.5,16180.0,238.29,0.12815,1107.0,227.5,291.5,194.6,12.42,68.35,7320.0,2.397,4.37,1.7,107.29,,239.69,,0.98,2008.4,6.17,224.95,5252.0,1.425,1485.0,329.0,203.98,45.7,655.0,1501.0,412.0,113.63,20.25,2998.6,4689.0,8095.0,81.9,8178.5,2.7555
2024-05-24 00:00:00+00:00,2788.0,618.8,1062.0,37820.0,301.2,0.126,537.0,785.8,11.4,103.54,0.6132,3.432,408.0,0.5448,83.0,,100.9,18.78,310.0,13.2,308.0,96.66,,845.0,1.1712,0.7235,3.299,28.952,3.524,0.9228,464.75,29.9,895.0,594.45,1040.0,157.7,7858.5,7.234,1139.5,1173.2,27.12,100.0,208.4,0.7555,59.94,45.4,177.36,739.1,136.2,1280.0,116.9,36900.0,1700.0,16050.0,237.5,0.12535,1097.0,238.0,289.9,196.0,12.45,65.75,7310.0,2.638,4.394,1.58,107.1,,235.5,,0.946,2002.4,6.34,224.7,5182.0,1.375,1429.0,326.15,205.97,45.625,647.0,1503.0,419.0,116.4,19.46,2986.6,4674.0,7935.0,81.49,8140.0,2.733
2024-05-27 00:00:00+00:00,2698.0,595.6,1035.0,37120.0,309.57,0.1099,511.0,772.9,11.66,100.62,0.6014,3.355,407.7,0.5169,77.0,,99.75,18.375,306.15,12.748,305.95,94.16,,805.0,1.1298,0.7195,3.154,27.766,3.308,0.908,454.95,29.2,881.5,588.0,1024.5,153.88,7750.0,7.32,1143.5,1142.2,26.58,100.64,197.3,0.732,59.33,43.93,174.0,725.3,134.34,1254.0,114.5,36499.98,1679.5,16030.0,238.23,0.11995,1010.5,229.35,283.1,197.2,12.235,64.1,6990.0,2.297,4.37,0.997,105.74,,228.39,,0.9095,2011.8,5.8,223.8,5047.0,0.969,1430.0,320.1,210.46,44.695,624.0,1497.0,412.99,112.38,18.9,2944.6,4516.0,7865.0,80.22,8100.0,2.7015
2024-05-28 00:00:00+00:00,2690.0,582.4,1022.5,35420.0,310.0,0.982,515.0,770.0,11.26,96.0,0.5966,3.23,400.95,0.515,75.86,,99.55,18.3,296.56,13.17,304.45,93.2,,816.0,1.868,0.715,3.84,27.12,3.182,0.8864,457.9,28.81,875.0,585.0,1000.0,152.1,7700.0,7.15,1117.5,1138.6,25.32,94.8,194.1,0.702,58.5,43.23,177.0,720.5,133.14,1272.0,112.0,38000.0,1666.0,16170.0,240.9,0.1186,973.0,223.35,279.6,202.8,11.39,63.8,7150.0,2.188,4.32,0.9685,102.0,,225.35,,0.9085,1969.2,5.71,222.65,5175.0,0.96,1410.0,321.0,204.98,44.2,584.0,1470.0,388.49,106.85,20.46,2899.6,4528.5,7870.0,81.2,8050.0,2.72
2024-05-29 00:00:00+00:00,2645.0,578.8,997.0,35600.0,332.11,0.892,498.0,746.9,11.14,95.22,0.5968,3.226,400.5,0.5134,73.0,,99.5,18.105,294.41,12.938,301.5,92.44,,803.4,1.45,0.7015,3.1,26.437,3.178,0.8718,462.0,28.88,869.5,580.0,992.4,153.4,7689.0,6.818,1182.5,1121.0,24.69,93.82,194.0,0.693,58.3,41.58,174.22,712.5,132.74,1264.0,108.2,37045.0,1680.0,16010.0,246.46,0.11865,930.5,218.1,282.0,209.8,11.135,63.7,7360.0,2.298,4.294,0.954,100.96,,229.23,,0.905,1934.0,5.524,227.15,5180.0,0.896,1418.0,313.85,238.0,45.4,579.5,1483.0,379.9,105.43,21.9,2977.6,4475.0,7850.0,80.45,7882.5,2.675
2024-05-30 00:00:00+00:00,2591.0,576.0,992.0,39520.0,309.5,0.88,504.5,753.55,10.96,93.82,0.5878,3.2865,403.85,0.4968,72.6,,98.85,18.11,295.64,13.128,299.95,91.46,,819.6,1.692,0.7065,3.148,26.38,3.167,0.8758,464.3,28.75,888.0,581.15,1017.9,153.0,7722.5,6.95,1174.0,1123.8,25.59,91.99,192.95,0.826,58.435,43.0,175.8,716.8,133.55,1232.0,108.8,37790.0,1694.0,16100.0,247.5,0.12745,980.0,208.4,282.4,203.0,11.11,63.0,7280.0,2.245,4.32,0.93,97.67,,233.33,,0.9345,1935.0,5.54,226.0,5149.0,0.898,1386.4,312.3,194.0,45.875,596.5,1506.0,361.19,105.55,20.69,2982.0,4459.5,7740.0,80.25,7917.0,2.627
2024-05-31 00:00:00+00:00,2495.0,572.0,934.5,37340.0,293.0,0.864,485.0,747.55,10.82,90.82,0.5696,3.219,396.75,0.5029,72.99,,96.45,17.695,289.1,12.654,294.95,88.94,,799.6,1.394,0.6935,2.975,24.77,3.14,0.8342,446.95,28.26,864.5,572.0,996.6,147.94,7607.0,6.718,1143.0,1102.0,24.39,85.0,186.55,0.813,57.595,40.79,172.0,700.0,127.73,1206.0,102.4,35000.0,1660.0,16300.0,247.25,0.12055,920.0,193.95,271.4,186.4,10.295,61.65,6830.0,2.169,4.1905,0.91,94.8,,226.85,,0.9655,1867.8,5.402,222.9,4988.0,0.8495,1358.0,308.35,186.31,44.325,551.0,1779.0,367.98,101.73,19.55,2923.0,4322.5,7595.0,76.98,7746.0,2.58
2024-06-03 00:00:00+00:00,2482.0,566.0,929.5,35520.0,277.99,0.884,487.5,738.0,10.5,93.68,0.573,3.1195,388.95,0.4876,68.98,,96.5,17.575,278.1,12.624,289.0,86.8,,803.0,1.198,0.6905,2.97,25.426,2.888,0.8192,439.75,27.77,837.0,564.7,984.3,142.64,7479.5,6.652,1127.5,1100.0,24.61,91.0,175.75,0.752,56.83,40.19,169.9,688.5,127.19,1174.0,101.9,37789.99,1626.5,15640.0,244.98,0.1245,1042.0,186.75,277.9,185.6,10.1,58.5,6360.0,2.12,3.803,0.905,93.3,,219.0,,0.8755,1847.6,5.23,226.85,4804.0,0.819,1339.0,304.0,181.76,43.1,528.0,1504.0,333.0,100.25,19.57,2853.0,4240.0,7465.0,75.44,7000.0,2.61
2024-06-04 00:00:00+00:00,2477.0,572.0,961.0,34980.0,274.97,0.834,492.0,746.2,10.34,99.0,0.591,2.997,388.0,0.4891,71.5,,95.75,18.4,296.59,12.28,297.85,91.92,,805.0,0.9964,0.693,2.969,25.87,3.12,0.8346,432.4,27.79,869.5,571.0,1005.1,143.2,7454.5,6.56,1196.0,1080.0,25.0,80.78,176.0,0.752,57.285,40.49,174.0,685.4,128.0,1174.0,101.2,35500.0,1636.5,15090.0,250.0,0.1164,1014.5,175.6,282.0,172.2,10.28,56.5,6700.0,2.68,3.894,0.915,94.97,,220.97,,0.8695,1866.6,5.75,226.3,4957.0,0.8695,1420.0,310.0,184.59,42.66,557.0,1532.0,321.19,101.88,18.88,2903.0,4419.0,8400.0,75.24,6845.0,2.64
2024-06-05 00:00:00+00:00,2480.0,574.0,985.0,35480.0,274.88,0.974,504.0,745.0,10.7,101.0,0.594,3.18,391.8,0.4904,74.0,,98.45,18.62,311.27,12.248,298.7,93.9,,849.0,1.39,0.6845,3.322,25.989,2.998,0.842,439.8,29.37,885.0,575.0,1023.5,141.76,7544.0,6.842,1210.5,1080.0,25.35,81.89,184.6,0.724,56.97,41.59,174.48,693.6,128.4,1214.0,104.2,36800.0,1639.5,14970.0,251.45,0.1189,1025.0,183.8,298.0,175.0,10.48,62.45,6590.0,2.139,3.8835,0.9445,95.39,,229.99,,0.88,1862.0,5.626,227.0,5160.0,0.865,1544.0,319.5,182.0,43.69,589.0,1471.99,339.0,103.43,19.625,2972.6,4497.5,8195.0,77.0,6903.0,2.606
2024-06-06 00:00:00+00:00,2376.0,560.8,961.0,35220.0,270.87,0.958,490.5,723.75,10.38,96.92,0.589,2.992,390.5,0.4797,82.0,,97.5,18.4,308.19,12.174,294.15,92.58,,827.0,1.278,0.6975,3.175,25.7,2.92,0.835,436.6,28.29,865.5,569.8,1023.0,141.8,7478.5,6.8,1247.5,1060.8,26.2,87.1,182.5,0.725,56.29,40.49,172.24,685.5,126.67,1220.0,106.5,35800.0,1627.0,14780.0,251.84,0.11515,973.0,181.5,291.2,171.6,10.46,62.7,6480.0,2.148,3.845,0.9185,93.73,,231.75,,0.899,1842.8,5.42,225.95,5030.0,0.868,1506.8,316.1,177.4,42.775,623.5,1430.0,345.0,101.1,19.3,2932.0,4475.0,7815.0,75.9,6724.5,2.6145
2024-06-07 00:00:00+00:00,2512.0,578.0,994.0,35240.0,269.96,0.889,507.0,733.7,10.64,100.86,0.588,3.895,395.0,0.4921,74.0,,99.6,18.5,310.4,12.346,298.1,95.0,,843.8,1.696,0.69,3.25,27.0,3.218,0.8494,446.95,30.8,879.5,575.95,1024.0,145.36,7599.0,7.9,1283.0,1051.4,27.3,84.98,189.0,0.716,57.4,42.43,175.5,693.1,129.5,1216.0,107.6,36899.99,1659.5,14740.0,252.68,0.11925,1015.0,183.85,291.7,171.2,10.975,66.1,6620.0,2.1,3.8725,0.9385,96.1,,231.49,,0.8835,1850.0,5.546,231.0,5149.0,1.4,1540.0,319.8,177.85,43.5,599.5,1449.58,347.0,103.75,19.35,2994.6,4698.0,8090.0,75.32,6895.5,2.59
2024-06-10 00:00:00+00:00,2742.0,574.2,1022.5,35520.0,274.65,0.88,522.5,737.0,11.28,102.76,0.5968,3.1095,397.8,0.4961,74.0,,100.0,18.48,310.0,12.69,297.55,95.4,,828.4,1.956,0.6965,3.336,27.59,3.311,0.8598,472.0,29.87,875.0,575.7,1020.0,143.96,7523.5,6.96,1256.0,1054.0,27.3,86.97,216.0,0.718,55.845,44.14,176.66,688.7,130.3,1240.0,110.0,36194.99,1669.0,14600.0,250.0,0.1239,1030.0,193.8,291.5,175.8,11.1,68.9,6520.0,2.19,3.899,1.11,96.0,,236.69,,0.89,1892.0,5.906,232.4,5150.0,1.82,1576.2,329.0,174.58,42.71,599.0,1449.48,354.95,104.1,19.45,2999.0,4779.5,8150.0,75.88,6799.0,2.573
2024-06-11 00:00:00+00:00,2585.0,562.0,988.0,35380.0,265.98,0.875,494.0,713.5,10.72,99.44,0.5844,3.27,390.55,0.4941,72.75,,99.95,18.75,308.12,12.75,290.5,92.48,,799.0,1.618,0.68,3.286,26.6,3.168,0.8484,456.5,28.99,851.0,563.5,1004.0,140.54,7370.0,6.918,1210.0,1078.8,26.25,81.6,210.35,0.7025,55.46,42.41,172.9,682.0,128.49,1182.0,107.0,,1657.5,14530.0,252.32,0.125,993.0,189.8,282.2,184.0,10.625,67.2,6330.0,2.9,3.8955,0.988,93.7,,226.78,,0.8935,1858.0,5.6,231.0,5150.0,1.29,1515.0,326.5,170.22,42.69,595.5,1442.0,345.0,101.8,19.0,2909.0,4645.0,7815.0,75.59,6634.0,2.65
2024-06-13 00:00:00+00:00,2495.0,552.0,981.5,35700.0,260.99,0.842,484.0,695.85,11.48,97.22,0.5874,3.14,392.0,0.49,71.99,,97.6,18.1,307.4,12.198,291.4,88.82,,793.2,1.29,0.68,3.7,26.499,3.192,0.8376,452.75,28.33,849.5,560.0,987.9,140.18,7276.0,6.696,1206.0,1067.0,26.16,80.0,200.95,0.6995,55.24,41.8,173.66,679.0,123.74,1142.0,107.4,36073.79,1630.0,14130.0,249.84,0.1195,967.0,180.45,278.8,177.0,10.55,67.15,6180.0,2.54,3.8535,0.9695,93.29,,229.0,,0.859,1845.0,5.528,226.75,5060.0,1.38,1412.0,320.45,171.88,44.16,595.0,1387.95,323.0,101.0,18.1,2905.0,4546.0,7700.0,74.25,6640.0,2.528
2024-06-14 00:00:00+00:00,2494.0,561.4,983.0,35360.0,262.0,0.87,515.0,718.65,11.4,99.6,0.5888,3.43,390.0,0.4982,73.0,,97.95,18.16,308.99,12.206,294.0,91.0,,823.0,1.238,0.686,3.2,26.65,3.178,0.8548,453.4,29.25,874.5,569.9,999.0,141.6,7403.5,6.498,1200.0,1090.0,26.14,81.38,204.45,0.72,56.29,42.28,172.78,684.5,124.91,1166.0,107.7,36500.0,1655.0,15580.0,240.87,0.1215,980.0,182.0,278.9,181.4,10.765,69.0,6190.0,2.45,3.93,0.967,93.58,,230.46,,0.88,1848.8,5.738,231.0,5309.0,1.3,1396.4,326.45,177.84,44.385,593.0,1378.0,344.99,101.7,18.33,2949.0,4533.5,7765.0,74.71,6670.0,2.55
2024-06-17 00:00:00+00:00,2545.0,562.4,992.0,35080.0,264.77,0.864,497.0,710.0,11.2,98.5,0.5886,3.64,391.0,0.5047,71.99,,97.6,18.18,310.95,12.2,293.55,90.96,,823.8,1.392,0.694,3.25,26.755,3.176,0.8528,453.6,29.5,860.0,573.4,1004.4,140.86,7390.5,6.496,1193.0,1099.0,26.8,80.95,203.5,0.6925,56.105,43.59,173.0,685.4,124.83,1170.0,108.0,34999.99,1658.5,14680.0,241.94,0.1236,981.0,185.5,285.0,182.0,10.725,69.3,6150.0,2.2,3.971,0.9655,93.46,,233.96,,0.885,1862.0,5.51,230.1,5158.0,1.55,1362.0,327.5,178.52,44.24,587.0,1427.0,320.1,103.8,18.88,2938.0,4564.0,7940.0,74.24,6738.0,2.548
2024-06-18 00:00:00+00:00,2498.0,549.0,981.0,34500.0,269.68,0.855,483.0,695.0,10.58,95.6,0.5834,3.405,380.0,0.5096,72.0,,96.85,17.86,301.0,12.0,290.55,87.96,,796.8,1.46,0.6885,3.227,25.835,3.84,0.8444,443.45,28.5,848.5,567.65,980.2,139.6,7234.0,6.494,1175.0,1067.8,25.89,79.75,199.45,0.6885,55.27,42.45,168.9,679.1,121.5,1162.0,106.6,35039.89,1644.5,15010.0,236.16,0.12015,931.0,180.65,282.9,179.6,10.36,69.6,6110.0,2.23,3.917,0.9565,90.99,,227.41,,0.8765,1656.2,5.484,227.8,4971.0,1.15,1338.6,325.25,171.6,43.65,585.0,1414.0,306.0,102.68,18.18,2899.0,4456.5,7865.0,72.96,6724.0,2.5065
2024-06-19 00:00:00+00:00,2432.0,530.2,956.0,34000.0,259.2,0.85,472.5,684.0,10.3,96.5,0.581,2.98,374.9,0.497,72.6,,95.0,17.49,293.71,11.95,290.15,86.4,,787.0,1.25,0.685,3.19,24.55,2.951,0.8402,433.0,27.65,820.0,558.7,966.0,136.26,7107.5,6.46,1156.0,1056.6,25.44,75.99,194.4,0.6635,54.17,41.24,165.0,670.0,120.3,1126.0,106.6,33350.0,1627.0,15980.0,234.9,0.1149,910.5,172.0,274.8,174.0,10.8,70.0,5780.0,2.15,3.9115,0.9555,89.25,,224.44,,0.8475,1554.0,5.264,222.8,4980.0,0.95,1298.6,310.35,163.6,42.535,565.0,1301.94,300.8,99.55,17.92,2849.0,4334.0,7545.0,71.18,6593.0,2.5495
2024-06-20 00:00:00+00:00,2351.0,524.4,949.5,33900.0,274.81,0.79,473.0,707.2,10.12,97.62,0.5812,3.173,379.95,0.4949,70.95,,94.45,17.365,289.3,11.9,290.7,88.94,,779.0,1.2,0.6885,3.159,24.92,3.38,0.827,449.9,27.4,824.0,559.0,964.8,136.66,7171.0,6.428,1150.0,1066.0,24.7,78.3,194.0,0.677,54.725,40.43,163.98,670.6,124.0,1112.0,104.9,35283.57,1625.0,14530.0,233.49,0.11395,897.0,168.9,273.5,174.2,10.13,69.4,6280.0,2.89,3.999,0.924,91.8,,226.0,,0.8625,1590.0,5.308,221.35,5043.0,0.9095,1250.0,318.15,167.48,44.5,560.0,1293.0,293.94,98.65,17.5,2947.0,4269.5,7605.0,72.35,6641.5,2.4995
2024-06-21 00:00:00+00:00,2399.0,529.8,952.0,34100.0,269.39,0.799,489.5,705.7,10.16,95.24,0.5768,3.17,379.6,0.4875,71.59,,95.9,17.595,292.0,11.918,291.15,87.34,,780.0,1.106,0.6855,3.109,24.76,3.38,0.8278,448.55,27.55,829.0,562.85,963.0,138.88,7191.5,6.73,1167.5,1058.0,25.9,83.98,197.8,0.669,54.915,40.36,164.0,676.0,124.77,1114.0,104.8,33999.9,1574.0,14510.0,232.49,0.1148,944.0,168.85,272.0,177.2,10.85,70.5,5880.0,2.4,3.951,0.9195,93.53,,228.49,,0.84,1595.6,5.27,220.0,5058.0,0.913,1250.0,305.9,165.99,43.42,543.0,1229.0,293.97,99.8,17.5,2949.0,4395.0,7595.0,72.61,6596.5,2.476
2024-06-24 00:00:00+00:00,2391.0,519.0,952.0,33500.0,252.99,0.829,462.5,698.85,10.2,93.78,0.5756,3.2335,375.95,0.4779,71.45,,94.25,17.85,290.85,11.888,290.0,86.84,,782.6,0.9888,0.6875,3.17,24.345,3.18,0.8212,443.0,27.22,857.5,555.95,960.0,134.7,7125.0,8.62,1130.0,1057.4,24.99,80.0,194.5,0.661,53.98,39.9,162.68,673.3,122.26,1078.0,103.5,33959.99,1567.5,14490.0,227.2,0.1134,907.0,167.8,271.4,181.0,9.8,70.85,5680.0,2.32,3.935,0.922,94.9,,224.77,,0.827,1595.0,5.416,224.0,5118.0,0.895,1220.0,302.7,163.94,43.1,537.0,1159.0,293.0,98.95,17.24,2915.0,4410.0,7440.0,73.88,6497.0,2.454
2024-06-25 00:00:00+00:00,2359.0,514.8,973.5,33880.0,259.99,0.845,460.5,673.6,10.16,93.24,0.5798,3.226,360.0,0.4754,71.29,,93.65,17.115,290.0,11.798,294.25,83.8,,764.6,0.9768,0.686,2.944,23.977,2.953,0.8096,432.2,27.18,840.0,559.0,934.9,131.82,7246.5,8.5,1125.5,1060.0,24.99,79.89,193.5,0.7085,55.235,39.77,155.52,679.6,118.85,1136.0,104.6,34499.85,1582.0,14180.0,226.78,0.11475,873.5,164.85,271.0,179.4,9.79,70.85,5640.0,2.193,3.969,0.9025,93.96,,224.22,,0.822,1563.2,5.292,225.0,4992.0,0.888,1224.4,296.65,165.99,42.85,548.5,1139.0,293.0,102.4,16.405,2896.6,4329.0,7335.0,72.55,6400.0,2.445
2024-06-26 00:00:00+00:00,2396.0,523.4,975.5,33760.0,257.17,0.838,478.0,683.25,10.42,96.1,0.586,3.245,363.0,0.4795,69.45,,94.85,17.3,296.76,11.966,293.5,85.88,,766.2,0.9978,0.712,3.5,24.2,2.985,0.8198,433.3,27.3,853.0,562.45,937.8,132.42,7313.0,7.4,1178.5,1066.0,25.8,79.49,197.5,0.71,55.82,40.4,153.96,689.8,121.34,1146.0,104.6,33000.0,1594.0,14260.0,229.1,0.11485,915.0,165.95,269.3,181.0,9.98,70.6,5690.0,2.148,3.9855,0.9015,93.65,,225.64,,0.8225,1568.2,5.378,226.0,4989.0,0.86,1232.0,309.9,164.44,42.995,545.0,1044.0,294.94,108.68,19.22,2968.6,4370.5,7500.0,72.63,6415.0,2.5
2024-06-27 00:00:00+00:00,2353.0,519.0,983.0,34080.0,242.32,0.84,480.0,670.0,10.3,93.0,0.5852,3.18,362.0,0.4732,70.0,,94.95,17.3,295.84,12.746,293.0,85.46,,764.8,0.995,0.693,2.99,23.913,2.947,0.822,429.9,27.2,852.0,565.0,931.3,131.26,7293.0,7.138,1185.0,1060.0,25.5,78.48,197.45,0.677,55.45,41.0,152.32,690.0,121.16,1132.0,104.6,33800.0,1596.5,14160.0,230.0,0.1145,913.0,164.7,268.8,178.0,10.45,71.9,6650.0,2.163,3.98,0.8985,92.91,,224.75,,0.8045,1557.8,5.466,224.95,4953.0,0.8355,1313.0,308.95,168.0,42.425,557.5,1030.0,289.7,108.8,19.48,2998.0,4330.0,7830.0,71.45,6394.0,2.49
2024-06-28 00:00:00+00:00,2354.0,515.0,985.0,33480.0,240.69,0.84,522.0,665.0,10.4,93.52,0.6086,3.159,356.65,0.4735,70.0,,94.8,16.965,297.0,12.21,293.25,84.18,,747.0,0.9826,0.691,2.98,23.791,2.92,0.824,431.75,27.83,843.0,565.65,920.0,130.44,7271.5,7.9,1173.0,1092.0,25.43,79.95,199.85,0.6715,55.295,41.2,145.28,687.8,121.57,1122.0,104.2,34550.0,1625.0,14200.0,230.0,0.1147,909.5,162.7,267.7,177.8,9.93,70.95,6010.0,2.16,3.954,0.8865,92.29,,220.0,,0.8005,1552.4,5.338,223.0,4929.0,0.802,1338.0,319.75,160.99,42.8,579.0,1038.0,284.88,108.4,18.1,2989.6,4333.5,7460.0,71.68,6393.0,2.444
2024-07-01 00:00:00+00:00,2399.0,514.0,993.0,33640.0,244.0,0.844,474.0,641.0,10.26,94.5,0.61,3.149,359.9,0.4668,15.23,,94.95,17.1,297.5,12.2,296.5,83.46,,760.0,0.984,0.697,2.929,24.0,2.957,0.83,430.7,27.76,849.0,578.5,920.0,132.66,7330.0,6.888,1165.0,1105.8,25.2,95.5,193.75,0.674,55.675,40.8,146.98,691.2,123.48,1118.0,104.5,37750.0,1629.0,14000.0,232.5,0.1123,900.0,173.2,270.0,178.8,10.415,73.0,5910.0,2.16,3.95,0.906,91.32,,219.57,,0.809,1582.0,5.5,221.7,4943.0,0.8275,1354.0,314.45,167.61,42.8,547.5,1581.97,283.0,106.98,18.85,3020.6,4327.0,7500.0,72.45,6600.0,2.45
2024-07-02 00:00:00+00:00,2360.0,528.6,1005.0,33960.0,270.0,0.821,472.0,638.0,10.28,94.98,0.618,3.1345,358.4,0.4849,21.3,,96.8,16.93,298.62,13.38,297.2,81.74,,773.8,1.17,0.6895,3.192,24.7,3.27,0.8498,431.75,28.3,850.0,579.6,915.0,135.28,7358.0,7.25,1144.0,1138.0,24.9,93.98,196.75,0.6685,55.73,41.4,151.46,692.2,125.33,1128.0,107.0,35950.0,1629.5,13920.0,239.8,0.11625,898.5,174.3,272.7,174.8,10.4,72.0,6070.0,2.164,4.145,0.91,90.23,,219.24,,0.829,1601.0,5.486,208.6,4945.0,0.863,1350.0,312.7,170.0,43.0,556.0,1398.0,285.0,106.83,18.75,2995.0,4318.5,8600.0,72.44,6620.0,2.5675
2024-07-03 00:00:00+00:00,2341.0,525.6,990.0,33880.0,269.99,0.791,465.5,627.5,10.14,93.76,0.6142,3.12,357.85,0.4859,29.79,,95.55,16.845,297.95,12.758,296.0,81.3,,776.8,1.1,0.693,3.79,24.42,2.994,0.8542,433.15,28.6,845.5,577.5,910.3,135.52,7321.0,7.2,1150.5,1143.0,24.85,91.9,193.5,0.7295,55.23,41.11,153.26,693.2,126.99,1122.0,107.2,,1619.5,15600.0,240.0,0.1179,909.5,170.9,270.9,173.4,10.265,72.4,5970.0,2.155,4.115,0.8945,89.53,,219.9,,0.8595,1579.6,5.374,215.5,4920.0,0.817,1340.0,306.8,169.83,42.92,569.5,1159.0,285.0,105.93,18.3,2954.0,4222.0,8385.0,71.78,6649.5,2.44
2024-07-04 00:00:00+00:00,2380.0,513.0,977.0,33420.0,256.0,0.803,461.5,606.5,10.6,92.56,0.6052,3.995,345.25,0.476,41.66,,95.3,16.74,289.0,12.3,293.1,80.66,,763.2,0.9758,0.675,2.994,23.867,2.919,0.8304,425.3,27.41,843.0,575.45,904.0,133.54,7260.0,6.93,1137.0,1123.0,24.5,88.99,187.65,0.6735,54.75,40.66,149.88,687.7,125.2,1108.0,108.5,35869.99,1608.0,14520.0,238.75,0.11475,900.0,167.75,266.4,173.4,9.945,72.9,5910.0,2.136,3.9545,0.8815,88.85,,210.86,,0.838,1570.0,5.204,213.4,4849.0,0.801,1310.6,295.55,168.28,42.425,544.0,1120.0,279.98,104.75,18.82,2911.6,4143.5,7550.0,70.67,6564.0,2.4375
2024-07-05 00:00:00+00:00,2254.0,498.0,914.0,33200.0,239.0,0.79,459.5,582.7,9.88,90.96,0.6094,3.99,337.8,0.4697,58.22,,94.15,16.8,282.7,12.82,292.0,80.0,,748.8,0.9588,0.654,2.961,23.36,2.797,0.8238,421.55,27.6,850.0,564.3,955.9,134.46,7255.0,6.74,1123.0,1104.0,24.23,83.99,183.85,0.6525,54.495,40.0,146.76,678.8,122.95,1078.0,107.0,34749.5,1588.0,14090.0,236.57,0.112,859.0,164.6,262.7,171.0,9.875,71.8,5760.0,2.75,3.898,0.874,85.68,,215.95,200.0,0.8145,1544.6,5.136,210.35,4786.0,0.786,1261.6,289.5,161.5,42.345,550.0,1085.97,284.95,103.95,18.25,2846.6,4107.0,7370.0,70.24,6508.0,2.429
2024-07-08 00:00:00+00:00,2229.0,494.4,886.0,33300.0,260.0,0.79,452.5,578.75,9.92,94.5,0.6178,3.915,336.65,0.4675,81.36,,93.95,15.995,282.57,11.986,291.35,77.2,,745.0,0.9264,0.6455,2.94,23.66,2.755,0.828,420.0,27.3,820.0,566.5,899.7,135.0,7255.0,6.52,1121.5,1108.0,24.23,88.0,177.9,0.6695,54.175,39.5,146.78,675.0,124.49,1054.0,104.9,35300.0,1588.0,14010.0,238.4,0.1134,872.0,164.25,252.3,171.4,9.805,72.9,5720.0,2.88,3.9695,0.852,86.5,,216.48,200.0,0.8065,1546.0,5.58,208.85,4770.0,0.8035,1254.0,296.2,166.32,42.5,567.5,1445.2,280.0,102.85,17.85,2841.6,4135.0,7280.0,70.49,6507.5,2.422
2024-07-09 00:00:00+00:00,2140.0,481.8,848.0,32760.0,240.0,0.784,435.0,548.0,9.86,91.4,0.6114,2.94,334.75,0.4655,99.0,,92.8,15.7,278.28,11.844,290.1,74.76,,728.0,0.8766,0.633,2.835,22.8,2.636,0.8078,410.5,26.6,819.0,540.25,874.0,133.8,7121.5,6.48,1106.5,1091.0,23.6,83.0,172.4,0.635,53.99,37.97,146.6,655.2,122.97,1038.0,101.0,35799.98,1577.0,13920.0,233.14,0.1061,838.0,143.4,244.9,169.8,9.61,72.15,5570.0,2.42,3.892,0.8465,86.34,,209.35,191.7,0.8,1525.0,4.956,207.0,4661.0,0.763,1223.0,287.0,165.99,41.645,551.5,1533.75,278.0,,17.6,2809.0,4007.0,7175.0,69.17,6443.5,2.3965
2024-07-10 00:00:00+00:00,2090.0,468.6,815.5,31080.0,234.99,0.7,419.5,533.85,9.18,82.64,0.5892,2.8445,302.55,0.4542,77.6,,90.75,15.23,268.42,11.322,281.0,74.68,,723.0,0.814,0.5945,2.679,22.948,2.578,0.7862,400.4,24.39,782.0,526.45,874.9,129.7,6978.0,6.162,1086.0,1070.0,23.44,78.88,160.95,0.6,52.785,33.98,138.14,645.3,118.0,1004.0,97.4,35599.99,1522.0,13410.0,228.0,0.999,797.5,130.0,221.0,161.6,8.44,71.9,5410.0,1.949,3.842,0.7845,85.88,,199.0,192.75,0.7555,1479.6,4.732,202.95,4475.0,0.724,1183.4,274.7,165.85,41.7,508.5,1165.0,264.0,,16.8,2738.6,3842.0,6800.0,68.61,6188.0,2.3265
2024-07-11 00:00:00+00:00,2049.0,458.2,799.5,30580.0,244.64,0.63,395.0,539.8,9.26,85.86,0.573,2.711,305.0,0.47,81.0,,89.8,15.32,275.47,11.47,278.4,74.96,,725.8,0.8262,0.613,2.629,22.78,2.595,0.7766,400.0,23.99,789.5,526.9,899.9,126.88,6995.5,6.34,1084.0,1049.8,23.7,75.4,158.95,0.62,52.61,34.27,141.2,639.4,115.5,1016.0,95.2,35949.99,1489.0,14000.0,231.2,0.1048,817.0,119.65,218.0,149.4,8.685,73.45,5380.0,1.947,3.7885,0.78,84.53,,195.0,190.9,0.697,1484.0,4.534,205.35,4728.0,0.735,1262.0,283.0,159.96,40.495,481.5,1198.99,250.89,,17.35,2746.0,3863.0,7280.0,67.1,6284.5,2.356
2024-07-12 00:00:00+00:00,2121.0,468.0,800.0,30600.0,245.0,0.71,395.0,552.0,9.0,88.8,0.5718,2.6785,302.1,0.461,75.99,,90.5,15.135,277.93,11.58,279.0,75.58,407.0,729.8,0.845,0.6185,2.656,22.897,2.647,0.7752,393.8,24.7,799.0,531.0,899.0,126.46,7046.0,6.368,1095.0,1051.2,23.6,77.95,166.0,0.6175,52.64,35.25,141.96,649.6,117.8,1034.0,98.1,,1490.0,13780.0,231.2,0.1065,820.0,120.9,216.6,156.8,8.76,74.2,5290.0,2.166,3.795,0.812,85.48,,194.74,199.75,0.7065,1480.4,4.54,209.35,4749.0,0.752,1398.8,284.0,165.79,40.675,494.5,1199.9,250.0,,17.58,2757.6,3877.5,6905.0,66.96,6333.0,2.383
2024-07-15 00:00:00+00:00,2090.0,458.8,817.5,30280.0,238.45,0.712,389.5,572.0,9.4,84.8,0.5548,2.6165,295.9,0.4463,70.49,,92.0,14.45,276.95,11.67,272.75,74.7,408.0,721.2,0.828,0.649,2.558,22.913,2.55,0.757,391.65,24.0,786.5,529.85,884.6,125.84,6925.0,6.256,1062.5,1029.8,22.99,77.0,164.0,0.636,52.395,34.65,140.38,642.8,116.95,1008.0,97.2,35248.9,1478.0,13460.0,231.7,0.10795,774.0,115.5,214.3,149.8,8.615,76.2,5790.0,1.999,3.769,0.805,85.24,,190.65,199.0,0.8795,1487.0,4.442,209.75,4773.0,0.72,1377.0,288.9,168.96,38.995,478.0,1249.73,246.99,100.5,17.36,2710.0,3859.5,6935.0,65.12,5932.5,2.36
2024-07-16 00:00:00+00:00,2379.0,452.6,825.0,29800.0,231.78,0.72,371.0,564.95,8.92,82.78,0.5512,2.6065,282.5,0.4395,70.0,,92.5,14.24,272.27,11.55,235.9,79.0,404.95,736.8,0.8074,0.6135,2.487,22.28,2.498,0.7458,386.55,24.45,778.0,519.1,857.0,127.8,6898.5,6.2,1033.0,1028.0,23.0,76.66,161.35,0.5955,51.87,34.39,141.92,645.8,114.5,998.0,95.8,,1456.5,13290.0,228.0,0.10395,766.0,117.9,210.0,153.6,8.63,74.15,5610.0,1.998,3.7515,0.7875,84.8,,182.35,192.1,0.799,1455.0,4.692,209.0,4895.0,0.7475,1314.8,280.95,169.5,38.58,521.0,1217.0,258.0,95.4,16.795,2679.0,3898.5,7065.0,62.94,5942.5,2.4285
2024-07-17 00:00:00+00:00,2300.0,455.0,831.0,30160.0,234.81,0.699,382.0,587.9,9.12,83.78,0.5508,2.5855,283.9,0.4447,79.36,,90.3,14.355,269.65,11.53,225.75,79.5,402.4,729.8,0.8274,0.6435,2.484,21.65,2.49,0.7492,390.4,24.9,772.0,518.75,867.6,127.44,6905.0,6.15,1035.0,1051.6,23.49,77.9,160.95,0.6045,51.86,34.37,143.54,641.0,112.38,1012.0,97.0,35949.99,1443.0,14350.0,229.0,0.1086,796.0,125.85,215.1,155.4,8.685,74.95,5700.0,1.96,3.78,0.814,87.72,,182.6,193.15,0.8695,1454.8,4.61,207.95,4899.0,0.743,1329.8,283.95,165.0,38.65,519.0,1125.0,267.65,96.69,17.1,2691.6,3931.0,7180.0,62.63,5958.5,2.471
2024-07-18 00:00:00+00:00,2188.0,456.6,825.0,31860.0,234.97,0.688,384.5,580.0,9.14,83.72,0.55,2.5315,287.0,0.4484,80.0,,90.25,14.88,273.0,11.386,229.5,78.76,404.9,715.0,0.8396,0.6395,2.499,21.842,2.41,0.756,392.9,24.71,807.0,518.2,878.4,129.36,6950.0,6.12,1030.0,1074.0,23.2,77.89,163.5,0.6065,52.9,34.19,146.68,640.5,113.91,1000.0,96.1,34999.99,1326.0,14260.0,229.82,0.11165,789.5,116.5,229.3,154.0,8.885,75.2,5680.0,1.9,3.83,0.7925,88.76,,184.96,190.9,0.816,1477.0,4.566,205.95,4918.0,0.7475,1340.0,297.0,160.98,38.6,503.5,1110.0,259.96,96.15,16.75,2736.0,3914.0,7050.0,63.4,6048.5,2.5135
2024-07-19 00:00:00+00:00,2240.0,468.0,838.0,30700.0,245.0,0.688,411.0,584.9,9.38,92.32,0.555,2.58,295.5,0.456,77.0,,92.35,15.53,273.82,11.65,238.6,79.2,405.0,725.0,0.8448,0.6485,2.765,22.445,2.423,0.7618,392.6,25.22,810.5,527.8,886.8,129.5,6991.5,6.628,1061.0,1101.0,23.78,77.99,167.3,0.607,54.5,35.86,148.26,645.1,112.19,1028.0,99.0,34698.99,1387.0,13900.0,233.49,0.1168,819.0,116.25,227.8,160.0,8.99,76.3,5740.0,2.65,3.85,0.809,89.53,,188.0,190.85,0.899,1521.6,4.634,207.2,4941.0,0.7845,1395.0,297.3,169.61,38.795,513.5,1133.0,262.3,97.66,17.3,2796.0,3972.5,7100.0,64.2,6138.0,2.519
2024-07-22 00:00:00+00:00,2293.0,473.0,839.5,30880.0,235.98,0.695,426.5,587.7,9.38,92.8,0.5542,2.5875,301.0,0.4543,77.5,,92.8,15.79,273.44,11.722,242.75,79.1,402.0,745.0,0.8496,0.66,2.697,22.9,2.416,0.7644,400.9,26.5,816.5,535.0,937.6,130.46,7025.0,6.5,1108.5,1118.2,23.76,78.5,169.0,0.6065,54.545,35.89,149.0,656.8,112.9,1058.0,100.8,35499.95,1398.5,13850.0,236.5,0.125,827.5,115.55,238.9,188.0,9.19,78.8,5770.0,2.141,3.8545,0.8145,88.86,,188.9,190.15,0.889,1519.0,4.698,206.0,4950.0,0.78,1514.6,299.65,167.27,39.18,510.0,1172.0,275.0,100.23,18.22,2814.6,4018.0,7200.0,64.47,6174.5,2.5745
2024-07-23 00:00:00+00:00,2360.0,469.0,853.0,30800.0,233.99,0.692,443.5,588.5,9.54,91.86,0.5682,2.6395,294.3,0.4513,76.75,,92.3,15.55,270.0,11.7,240.4,80.68,403.5,744.4,0.889,0.661,2.76,22.987,2.525,0.7696,406.8,26.0,823.5,534.8,926.5,130.34,7023.0,6.346,1115.0,1105.2,24.69,78.0,193.75,0.6045,53.88,38.37,147.7,653.0,109.3,1086.0,100.7,35499.9,1382.0,14000.0,236.4,0.1164,953.0,119.55,238.4,229.0,9.1,79.4,5890.0,2.106,3.8615,0.857,87.12,,186.45,189.0,0.895,1471.0,4.88,204.1,4906.0,0.8355,1523.0,294.95,165.0,38.99,535.0,1104.98,286.91,101.55,18.49,2785.6,3985.0,7105.0,64.5,6076.5,2.552
2024-07-24 00:00:00+00:00,2369.0,475.8,852.0,30920.0,245.0,0.98,468.0,588.25,9.76,91.5,0.5722,2.7245,287.6,0.4717,74.9,,95.0,15.545,266.54,11.966,240.0,79.98,406.0,781.4,0.9098,0.668,2.739,23.749,2.539,0.78,415.25,27.8,838.5,537.65,928.9,131.92,7025.0,6.46,1145.0,1105.0,24.78,83.0,187.45,0.614,53.97,36.79,147.8,655.9,109.41,1070.0,101.0,35499.99,1419.5,13960.0,233.51,0.113,949.0,124.4,236.9,252.0,9.4,85.45,5680.0,2.377,3.8825,0.9,86.78,,186.9,186.0,0.866,1473.6,4.904,206.8,4839.0,0.832,1475.0,297.5,179.8,38.48,538.0,1101.0,319.0,101.8,18.49,2742.0,3998.0,7055.0,64.46,6072.0,2.534
2024-07-25 00:00:00+00:00,2364.0,475.4,866.5,30900.0,241.98,0.112,433.0,585.0,9.62,89.96,0.5642,2.704,285.9,0.4631,72.53,,95.5,15.665,265.5,11.996,244.55,79.94,440.0,779.8,0.892,0.6785,2.729,23.675,2.502,0.7702,413.9,26.46,830.0,535.5,923.9,131.1,6965.0,6.664,1162.5,1097.8,25.32,80.79,190.0,0.607,53.935,36.98,146.0,664.9,109.94,1044.0,101.1,35874.99,1414.0,14000.0,234.39,0.11315,919.0,121.8,237.9,277.4,9.495,80.0,5570.0,2.419,3.9055,0.9,88.29,,188.5,185.0,0.851,1457.6,4.85,212.85,4771.0,0.848,1545.0,298.45,178.9,38.2,522.5,1098.0,323.0,99.89,17.9,2715.0,3998.0,6960.0,63.88,5966.0,2.673
2024-07-26 00:00:00+00:00,2271.0,486.0,846.0,30760.0,241.99,0.145,433.5,599.5,9.62,90.22,0.568,2.709,289.0,0.463,72.0,,95.9,15.7,264.99,11.804,238.5,79.92,423.5,771.4,0.8888,0.6845,2.713,23.98,2.585,0.774,413.5,25.95,828.0,538.7,935.4,131.58,6984.0,6.438,1166.5,1099.0,24.66,81.99,184.65,0.6125,53.47,37.24,145.6,657.7,109.19,1056.0,98.9,35000.0,1421.5,13700.0,241.5,0.1148,908.0,119.6,235.2,305.6,9.585,79.0,5580.0,2.289,3.895,0.8995,88.61,,191.3,185.25,0.865,1465.8,4.95,215.0,4821.0,0.8535,1545.0,296.0,177.12,37.98,535.5,1149.0,313.99,101.15,17.75,2717.6,4094.5,7035.0,63.89,5989.0,2.573
2024-07-29 00:00:00+00:00,2223.0,454.2,810.0,29840.0,260.71,0.1197,420.5,578.8,9.4,86.5,0.5572,2.6185,271.35,0.4514,15.23,,93.45,14.79,254.81,11.47,229.9,76.78,430.0,742.8,0.8348,0.662,2.669,21.6,2.34,0.748,389.75,26.1,802.0,519.95,924.5,127.98,6892.5,6.308,1199.0,1065.2,24.0,83.5,173.75,0.596,52.8,34.4,143.8,644.8,105.5,1002.0,96.5,35350.0,1385.5,13520.0,243.0,0.11,860.5,113.0,225.3,307.6,9.0,78.6,5360.0,2.222,3.8105,0.836,84.23,,176.38,180.55,0.8085,1442.4,4.69,208.0,4697.0,0.78,1492.6,286.0,170.1,35.63,512.5,1581.97,318.0,96.56,17.99,2610.0,3800.0,6865.0,61.0,5930.0,2.554
2024-07-30 00:00:00+00:00,2230.0,459.6,808.5,29620.0,238.99,0.125,409.0,583.0,9.28,85.76,0.5518,2.5375,266.2,0.4458,21.3,,90.0,14.935,242.76,11.434,228.8,76.6,418.55,749.2,0.836,0.636,2.57,21.2,2.227,0.7466,391.4,24.98,784.5,514.0,891.8,128.0,6830.0,6.252,1146.0,1053.8,23.82,79.0,170.0,0.5945,52.0,34.44,142.68,642.4,106.58,992.0,95.5,33999.9,1379.5,13580.0,236.35,0.1102,891.0,113.15,222.6,305.0,9.45,77.8,5320.0,2.219,3.8035,0.8115,83.47,,172.92,176.6,0.789,1424.0,4.8,208.8,4516.0,0.767,1505.0,276.1,178.0,35.8,533.5,1198.0,299.97,99.86,17.5,2669.0,3795.0,6685.0,61.17,5800.0,2.5345
2024-07-31 00:00:00+00:00,2210.0,463.2,836.5,29620.0,238.98,0.1237,407.5,598.0,9.24,86.8,0.5552,2.557,265.45,0.45,29.79,,90.0,14.975,244.49,11.5,231.3,77.4,430.0,744.4,0.842,0.65,2.576,21.369,2.314,0.7542,395.7,24.9,785.5,518.2,879.9,130.72,6830.0,6.302,1200.0,1056.0,23.63,84.0,169.15,0.6085,51.75,34.83,145.7,637.5,107.5,998.0,95.3,35399.87,1393.5,13730.0,233.81,0.1126,850.0,112.7,225.5,288.0,9.8,79.6,5320.0,2.18,3.8695,0.8155,84.0,,173.8,179.95,0.8295,1430.8,4.658,210.7,4593.0,0.771,1503.0,276.0,179.99,34.865,514.5,1220.0,334.1,99.99,17.525,2681.0,3865.0,7000.0,61.45,5840.0,2.5485
2024-08-01 00:00:00+00:00,2188.0,469.0,839.0,30040.0,236.98,0.1199,419.0,630.0,9.22,86.7,0.5766,2.599,275.0,0.4514,41.66,,89.95,15.65,241.65,11.57,230.9,78.76,424.5,740.8,0.8396,0.645,2.639,21.499,2.329,0.7536,395.3,27.3,793.0,518.0,887.3,130.56,6770.0,6.36,1204.0,1053.2,23.92,79.98,169.1,0.613,51.8,35.79,146.98,629.7,107.75,1008.0,95.8,,1397.5,14480.0,234.94,0.11165,872.0,115.4,236.9,293.0,9.15,82.0,5500.0,2.13,3.89,0.8445,83.58,,174.95,180.3,0.818,1423.8,4.658,213.7,4469.0,0.7835,1493.0,285.0,179.77,35.31,520.0,1298.99,316.0,99.8,17.5,2650.0,3862.5,7640.0,61.87,5780.0,2.579
2024-08-02 00:00:00+00:00,2190.0,456.8,821.0,29680.0,235.11,0.118,410.0,604.8,9.18,85.62,0.569,2.5825,267.5,0.4464,58.21,,89.75,14.795,234.74,11.356,227.35,78.6,438.95,737.0,0.831,0.6425,2.585,21.18,2.261,0.7466,389.55,25.3,790.0,510.45,885.7,128.86,6715.0,6.294,1178.0,1037.4,23.29,78.9,165.5,0.6305,50.62,34.98,148.58,620.4,106.37,992.0,94.5,,1383.5,14290.0,232.29,0.1076,855.0,113.75,227.5,295.0,9.5,82.8,5560.0,2.56,3.81,0.8135,83.27,,169.84,180.0,0.79,1412.6,4.54,211.3,4239.0,0.757,1481.0,278.25,176.95,34.67,515.0,1270.0,306.0,98.81,16.9,2614.0,3770.0,7495.0,61.3,5716.0,2.495
2024-08-05 00:00:00+00:00,2232.0,444.0,805.0,29200.0,236.99,0.115,397.5,598.5,8.88,83.88,0.565,2.54,263.5,0.4425,81.34,,87.75,14.325,222.9,11.198,223.8,76.96,420.0,717.8,0.8066,0.63,2.541,20.599,2.235,0.7308,381.95,24.79,770.0,502.75,864.0,126.62,6543.5,6.254,1139.5,1016.2,23.49,78.0,172.9,0.602,50.2,33.75,144.2,604.0,105.18,976.0,93.5,34599.98,1366.5,13850.0,227.84,0.10645,835.0,112.0,221.3,286.0,8.965,81.4,5290.0,2.78,3.7995,0.792,80.98,,162.8,179.35,0.772,1399.0,4.492,209.4,4109.0,0.7445,1445.0,272.65,174.99,34.4,525.0,1479.99,297.0,97.2,16.76,2580.0,3657.5,7275.0,59.88,5598.5,2.491
2024-08-06 00:00:00+00:00,2190.0,457.4,810.0,28700.0,233.95,0.1089,410.0,592.8,9.6,84.4,0.5748,2.5825,264.6,0.4427,83.5,,88.4,14.425,225.48,11.14,224.3,76.9,415.0,724.6,0.8078,0.62,2.529,20.18,2.236,0.728,373.85,24.52,772.0,502.0,859.8,125.78,6498.0,6.118,1140.0,1029.4,23.5,75.35,171.25,0.592,49.535,34.64,145.0,605.9,105.13,992.0,93.0,34100.1,1378.0,13530.0,228.0,0.1073,856.0,113.7,222.6,287.0,9.75,84.25,5310.0,2.1,3.741,0.788,79.8,,156.1,178.8,0.772,1401.8,4.46,210.3,4100.0,0.745,1447.0,275.5,170.6,34.0,508.0,1289.82,293.0,97.55,16.7,2595.0,3670.0,7270.0,60.74,5580.0,2.4995
2024-08-07 00:00:00+00:00,2180.0,460.8,824.5,28600.0,228.98,0.984,435.5,616.8,8.94,86.5,0.584,2.6095,264.85,0.4385,72.5,,88.4,14.65,225.2,11.136,225.8,76.8,412.0,713.2,0.8116,0.616,2.633,20.707,2.314,0.7334,373.95,24.45,767.5,512.45,861.9,125.88,6548.5,6.118,1170.0,1020.0,23.6,82.13,169.0,0.581,49.925,34.65,146.52,613.0,105.81,980.0,93.7,34899.83,1381.5,13760.0,227.48,0.103,840.0,116.4,222.1,284.0,9.175,84.7,5300.0,2.119,3.742,0.79,82.0,,159.62,174.55,0.7615,1397.0,4.42,212.0,3952.0,0.8,1465.0,276.6,177.74,34.96,502.0,1247.8,295.94,99.0,16.9,2649.6,3723.0,7155.0,61.23,5622.5,2.6165
2024-08-08 00:00:00+00:00,2220.0,455.6,815.0,28820.0,228.95,0.1037,419.5,626.6,9.18,86.4,0.5844,2.604,266.8,0.4396,76.8,,88.75,14.71,234.79,11.148,225.85,75.94,418.4,719.8,0.82,0.615,2.614,20.638,2.276,0.735,374.25,24.58,770.5,514.2,876.0,125.52,6551.5,6.86,1158.0,1029.2,23.38,79.98,171.95,0.587,49.75,34.28,157.48,614.7,106.36,984.0,94.6,34644.98,1387.0,14000.0,230.1,0.1039,847.5,116.75,222.2,283.6,9.65,89.3,5360.0,2.75,3.7625,0.8015,82.4,,158.4,171.15,0.7635,1408.2,4.548,212.1,4076.0,0.8025,1463.6,276.35,178.87,35.235,520.0,1198.0,315.99,99.21,16.67,2638.0,3725.0,7290.0,61.78,5640.0,2.57
2024-08-09 00:00:00+00:00,2183.0,439.8,803.0,28620.0,228.96,0.968,427.0,621.1,8.88,85.42,0.581,2.5655,255.35,0.436,68.3,,87.8,14.6,238.65,11.14,224.25,75.1,411.0,709.8,0.8228,0.608,2.561,20.15,2.25,0.7296,370.85,24.2,758.0,509.5,857.4,124.44,6489.5,6.44,1140.5,1021.2,23.2,77.75,173.55,0.5735,49.64,34.2,156.46,609.0,105.34,984.0,96.7,33899.99,1377.0,13540.0,227.9,0.1055,859.5,114.7,216.6,275.0,8.91,94.9,5350.0,2.4,3.753,0.7895,82.9,,153.1,172.6,0.7565,1395.0,4.462,221.0,3925.0,0.789,1437.8,273.4,178.75,35.2,513.5,1194.0,303.95,97.92,16.49,2624.0,3685.0,7285.0,61.26,5562.0,2.509
2024-08-12 00:00:00+00:00,2180.0,432.8,811.5,28620.0,228.94,0.949,410.0,608.15,8.9,85.18,0.5878,2.578,261.3,0.4333,70.0,,88.45,14.5,236.5,10.942,222.6,74.28,411.75,701.0,0.8194,0.5985,2.578,20.231,2.225,0.7304,367.75,24.68,754.0,505.7,847.5,126.8,6462.0,6.3,1124.5,1039.4,23.65,77.97,173.3,0.563,50.29,33.51,154.96,601.8,104.58,1130.0,99.5,,1373.5,13740.0,229.22,0.1038,839.0,119.4,213.2,269.8,8.975,113.5,5370.0,2.77,3.795,0.782,82.97,,154.98,179.6,0.745,1394.2,4.65,219.9,,0.785,1429.8,275.1,179.79,34.955,513.5,1180.0,305.0,98.49,16.42,2639.6,3668.0,7395.0,61.6,5530.0,2.645
2024-08-13 00:00:00+00:00,2288.0,429.2,835.0,29340.0,228.98,0.1,445.0,624.35,9.42,86.98,0.594,2.6495,265.0,0.4446,67.6,,89.4,14.65,265.34,11.94,224.95,77.4,407.7,726.2,0.855,0.617,3.84,20.679,2.265,0.763,378.75,27.75,765.5,506.5,861.0,129.54,6469.5,6.14,1144.5,1058.0,23.6,78.8,177.7,0.6055,50.425,34.3,158.96,609.7,108.0,1310.0,100.1,34889.96,1420.0,13940.0,229.0,0.122,848.0,121.4,218.2,264.2,9.4,124.2,5660.0,2.75,3.83,0.813,87.0,,157.97,179.0,0.814,1404.8,5.522,228.0,,0.797,1463.0,275.0,178.98,35.575,611.5,1280.0,298.58,100.83,18.35,2648.6,3697.0,7400.0,60.17,5631.5,2.65
2024-08-14 00:00:00+00:00,2330.0,427.8,835.0,29460.0,228.98,0.1,441.0,627.0,9.24,88.48,0.5944,2.6375,280.0,0.445,64.77,,89.95,14.66,258.22,11.146,227.0,77.4,407.0,730.0,0.8558,0.659,3.179,21.62,2.264,0.768,375.55,27.0,770.0,506.3,861.0,128.42,6539.0,6.108,1158.0,1070.8,24.0,77.5,178.1,0.725,50.695,34.5,159.68,622.9,107.59,1248.0,99.5,,1442.0,13880.0,226.89,0.1218,875.0,119.9,221.5,271.6,9.145,136.5,5530.0,2.68,3.8995,0.842,87.69,,159.8,178.8,0.888,1413.2,5.68,234.0,,0.8285,1475.8,279.0,178.96,35.8,603.0,1217.0,299.98,102.0,17.595,2647.0,3686.5,7650.0,60.0,5700.0,2.6375
2024-08-15 00:00:00+00:00,2272.0,418.0,821.0,29420.0,229.99,0.995,429.0,615.2,9.2,85.42,0.5854,2.606,266.6,0.4348,69.6,,93.3,14.37,252.0,11.62,223.6,77.5,407.0,715.6,0.853,0.626,3.54,20.247,2.21,0.7534,366.8,27.7,764.0,498.45,850.7,126.2,6418.0,6.74,1130.0,1044.8,24.41,77.2,176.8,0.662,50.195,33.71,159.32,617.2,105.1,1170.0,98.8,34243.38,1418.5,13820.0,225.18,0.11265,840.0,117.55,220.0,272.2,8.98,150.0,5470.0,2.55,3.889,0.8235,85.78,,153.8,177.2,0.81,1405.0,5.416,224.95,,0.784,1525.0,272.4,178.63,34.68,584.5,1210.0,299.99,100.69,17.9,2602.6,3620.0,7265.0,59.8,5594.5,2.545
2024-08-16 00:00:00+00:00,2260.0,413.6,827.0,29600.0,229.9,0.969,423.0,599.85,9.26,89.0,0.585,2.6085,262.0,0.4319,66.0,,90.15,14.26,247.1,12.6,223.55,74.96,415.0,714.0,0.863,0.615,2.976,20.4,2.189,0.7472,367.0,28.47,765.0,496.55,846.7,127.8,6360.0,6.76,1113.0,1036.6,23.44,74.98,177.9,0.6275,50.9,35.72,154.86,611.1,103.51,1130.0,99.4,34399.99,1390.0,14020.0,224.73,0.1129,910.0,116.7,214.3,255.8,8.815,164.7,5800.0,2.4,3.87,0.815,85.69,,151.2,178.6,0.7915,1390.0,5.946,226.5,,0.763,1401.8,271.55,176.98,34.47,570.0,1189.0,293.43,99.67,17.5,2597.0,3539.0,7160.0,59.1,5525.0,2.527
2024-08-19 00:00:00+00:00,2233.0,407.6,814.0,29520.0,229.99,0.969,418.5,592.45,9.1,85.44,0.5854,2.6245,261.45,0.431,64.0,,90.35,14.165,242.7,12.3,219.65,74.1,403.65,716.8,0.858,0.608,2.899,20.4,2.135,0.741,364.35,28.86,757.5,493.5,858.2,127.32,6284.0,6.12,1100.0,1025.0,23.47,74.5,177.0,0.619,49.84,34.73,152.6,606.0,102.73,1072.0,99.6,,1387.0,14290.0,222.95,0.10975,936.0,117.65,212.8,264.0,8.71,180.0,5700.0,2.45,3.8495,0.809,85.42,,149.72,178.95,0.7945,1382.2,6.486,221.35,,0.7585,1336.8,272.0,175.0,34.205,542.5,1210.0,289.99,99.0,16.9,2615.6,3470.0,7055.0,58.28,5435.0,2.5265
2024-08-20 00:00:00+00:00,2225.0,407.8,796.0,29020.0,222.97,0.912,427.0,577.2,9.52,84.68,0.5896,2.619,264.7,0.4263,64.2,,90.4,14.35,235.3,11.718,217.15,73.34,400.5,710.0,0.842,0.6155,2.829,19.484,2.88,0.7342,359.95,27.5,746.0,488.95,844.0,126.2,6248.0,5.948,1092.0,1031.8,23.18,73.93,176.85,0.62,48.44,33.99,152.4,599.1,102.29,1068.0,95.4,,1373.0,13900.0,215.27,0.11235,920.0,115.5,212.4,252.6,8.72,153.65,5490.0,2.43,3.888,0.795,82.8,,143.41,165.25,0.7695,1356.0,6.332,218.5,,0.7415,1318.4,264.45,170.57,34.55,533.5,1156.99,276.6,100.49,17.11,2680.0,3438.0,6890.0,57.2,5313.0,2.5095
2024-08-21 00:00:00+00:00,2265.0,397.6,787.0,28680.0,222.48,0.919,422.5,577.1,9.1,82.46,0.591,2.6455,264.2,0.4156,59.0,,91.0,14.2,231.0,11.612,213.95,73.6,401.0,708.8,0.8324,0.6145,2.832,19.2,2.55,0.756,358.25,26.94,753.0,485.35,816.2,124.9,6325.0,5.838,1078.0,1008.0,22.94,73.78,179.45,0.618,47.175,34.83,150.48,604.0,101.83,1044.0,95.5,,1345.5,13870.0,212.45,0.11045,917.5,117.6,210.0,242.0,8.68,168.85,5440.0,2.29,3.92,0.799,82.5,,138.87,159.25,0.763,1343.8,6.666,212.0,,0.7375,1299.0,252.85,168.6,34.7,539.5,1139.99,275.0,100.34,16.9,2652.0,3429.0,7070.0,55.99,5285.0,2.517
2024-08-22 00:00:00+00:00,2245.0,387.6,790.0,28520.0,222.48,0.917,412.0,577.95,9.4,81.74,0.5882,2.639,267.9,0.4111,61.69,,90.6,14.115,231.2,11.33,207.4,73.66,394.45,704.2,0.8082,0.6145,2.748,19.19,2.29,0.758,357.0,25.79,719.0,482.5,791.7,122.28,6538.5,5.738,1080.0,997.8,23.95,74.0,178.4,0.595,46.91,34.84,151.84,606.0,101.77,1060.0,96.2,33999.99,1344.5,13800.0,213.49,0.10985,855.5,119.2,209.2,256.8,8.65,185.55,5350.0,1.995,3.9085,0.796,82.66,,136.98,164.95,0.7665,1328.0,6.45,212.3,,0.7305,1284.6,242.5,170.58,34.195,526.0,1116.0,270.0,100.67,16.97,2644.6,3488.5,7065.0,55.6,5244.0,2.5095
2024-08-23 00:00:00+00:00,2166.0,379.0,741.0,27940.0,217.3,0.887,390.0,552.0,8.78,80.44,0.5782,2.4925,267.9,0.3882,64.28,,90.9,13.94,222.77,10.998,200.5,73.82,378.5,674.8,0.7898,0.602,2.767,18.37,1.897,0.7306,343.4,25.27,703.5,479.25,760.3,119.6,6472.0,5.388,1076.0,954.8,22.76,73.0,163.95,0.5715,45.66,33.31,148.3,603.0,99.77,1126.0,95.0,33949.99,1320.0,13490.0,210.99,0.1024,804.5,114.9,199.0,214.8,8.405,175.0,5250.0,1.953,3.8095,0.78,79.98,,121.2,163.0,0.731,1298.0,5.696,207.5,,0.694,1221.0,239.2,164.85,33.25,514.0,1201.0,268.95,97.73,16.5,2589.0,3370.0,6710.0,54.43,5094.5,2.506
2024-08-26 00:00:00+00:00,2200.0,387.4,764.0,27780.0,219.73,0.879,394.5,573.95,8.92,82.46,0.581,2.4945,271.25,0.378,63.0,,89.8,14.24,234.71,11.14,201.95,73.44,375.6,696.8,0.782,0.609,2.909,19.9,1.95,0.7178,343.4,26.5,739.0,490.15,749.2,118.48,6677.0,5.444,1100.0,1019.0,22.5,71.0,159.8,0.61,45.39,32.39,150.14,611.4,98.42,1080.0,93.8,33848.33,1358.0,13430.0,217.38,0.1009,852.0,116.0,197.7,211.0,8.695,170.0,5280.0,1.95,3.84,0.799,81.51,,123.98,167.5,0.742,1319.0,5.51,212.8,,0.71,1315.0,244.45,168.86,34.27,519.0,,272.89,99.3,16.48,2596.6,3450.0,7070.0,55.0,5150.0,2.524
2024-08-27 00:00:00+00:00,2154.0,380.0,780.0,27740.0,219.0,0.864,395.5,572.55,9.2,82.0,0.583,2.48,269.9,0.3786,65.0,,88.1,13.78,227.64,11.4,202.55,73.62,375.4,680.0,0.7794,0.601,2.85,18.695,1.823,0.7218,340.25,26.1,710.0,491.45,719.3,118.44,6680.0,5.448,1083.5,1017.2,22.2,70.89,162.95,0.591,45.65,32.15,148.98,612.9,98.48,1038.0,92.4,34500.0,1347.0,13390.0,215.45,0.1,834.5,114.6,197.0,221.6,8.515,162.9,5190.0,1.94,3.859,0.7845,81.35,,113.87,170.0,0.73,1349.2,6.54,206.0,,0.6975,1300.0,243.0,167.86,33.6,521.0,1144.5,280.0,99.83,16.49,2589.6,3396.0,6700.0,56.13,5206.5,2.5195
2024-08-28 00:00:00+00:00,2097.0,370.6,746.0,26980.0,218.79,0.991,389.5,548.0,8.84,83.64,0.5766,2.4685,268.0,0.3644,70.0,,87.5,13.735,210.65,10.9,198.4,73.3,369.35,690.0,0.743,0.597,2.797,17.116,1.75,0.745,332.55,25.8,696.5,479.15,703.9,113.34,6522.5,5.364,1074.0,983.8,21.78,68.0,158.65,0.5765,44.575,30.76,152.72,609.4,96.19,1020.0,92.1,33899.99,1318.5,13110.0,210.4,0.9585,807.0,116.5,186.5,210.0,8.36,157.45,5140.0,1.9,3.768,0.7745,80.28,,106.3,168.65,0.699,1276.6,6.652,200.95,,0.6705,1268.4,242.7,166.57,33.345,507.0,1139.96,269.99,97.32,16.27,2548.6,3299.0,7525.0,52.0,5006.0,2.519
2024-08-29 00:00:00+00:00,2067.0,366.6,740.5,27380.0,215.79,0.925,394.5,546.95,8.7,82.76,0.5794,2.455,273.0,0.3675,63.0,,92.5,13.63,208.78,10.6,199.35,73.6,385.0,680.0,0.7398,0.602,2.697,16.888,1.306,0.7344,346.0,26.3,697.5,484.0,702.4,113.2,6411.0,5.14,1072.0,1004.8,21.24,68.9,156.5,0.5855,44.86,30.59,151.88,604.9,96.59,1020.0,92.4,31800.0,1303.0,13190.0,210.12,0.9205,822.0,114.7,186.2,200.6,8.5,152.85,5250.0,1.899,3.781,0.7675,79.89,,110.42,167.35,0.696,1288.8,6.98,197.75,,0.666,1252.6,238.35,164.54,33.735,493.0,1124.0,266.99,97.6,16.19,2545.0,3215.0,6995.0,52.48,5101.0,2.5035
2024-08-30 00:00:00+00:00,2042.0,365.4,723.5,27180.0,215.4,0.92,361.0,496.15,8.68,79.68,0.5774,2.3835,271.7,0.359,70.0,,89.35,13.475,208.0,10.628,198.55,71.48,368.0,672.8,0.7198,0.605,2.683,16.44,1.177,0.72,345.0,25.58,676.0,489.2,686.9,112.6,6334.0,4.982,1045.0,1001.4,21.11,68.97,151.0,0.5655,44.735,31.19,149.58,599.8,96.0,1012.0,91.9,34599.86,1292.5,12950.0,209.8,0.8935,799.0,119.0,184.7,193.8,8.245,142.4,5040.0,1.882,3.774,0.7505,79.28,,110.0,166.35,0.672,1278.8,5.66,193.6,,0.6495,1218.0,236.5,158.93,32.775,502.5,1198.99,269.98,96.32,15.6,2515.0,3195.5,6740.0,51.9,5054.5,2.5025
2024-09-02 00:00:00+00:00,1946.0,346.0,693.0,26920.0,217.79,0.927,336.0,477.55,8.48,77.58,0.5644,2.2635,270.0,0.353,65.12,,87.1,12.99,201.19,10.406,191.7,68.26,371.55,646.6,0.6764,0.5865,2.537,16.51,1.186,0.6938,332.5,23.82,619.0,474.8,647.9,109.86,6205.0,4.69,1017.5,981.4,20.68,69.0,140.4,0.5685,43.35,28.21,147.8,587.0,90.19,974.0,89.2,32999.97,1271.5,12650.0,201.46,0.8115,763.0,109.5,174.7,192.0,8.6,150.5,4940.0,1.88,3.6935,0.7355,76.76,,110.93,152.0,0.6265,1234.8,5.812,188.4,,0.615,1158.0,220.9,155.98,31.44,492.5,1069.0,271.97,91.6,14.895,2390.0,2981.0,6640.0,49.23,4685.0,2.492
2024-09-03 00:00:00+00:00,1849.0,334.8,683.5,25240.0,200.0,0.794,318.0,441.0,7.96,72.84,0.5476,2.235,278.0,0.3292,60.2,,85.5,13.19,191.99,10.0,193.2,66.88,369.75,626.4,0.6386,0.59,2.59,15.6,1.196,0.685,326.9,23.99,592.0,471.7,680.0,107.5,6246.5,4.45,1026.5,976.0,20.22,62.5,140.0,0.538,41.955,27.73,143.0,572.1,88.41,960.0,84.9,31999.99,1260.0,12180.0,196.0,0.7605,744.5,110.0,195.6,162.8,8.35,165.0,4540.0,1.9,3.659,0.696,72.38,,116.25,147.75,0.5765,1214.0,5.924,187.9,,0.5975,1139.2,208.65,138.99,31.245,463.5,1048.0,276.98,89.6,14.195,2330.0,2962.0,6490.0,48.86,4685.5,2.547
2024-09-04 00:00:00+00:00,1835.0,351.0,705.5,25500.0,200.0,0.819,329.5,474.5,7.94,74.24,0.5574,2.298,281.9,0.3445,60.0,,84.95,13.5,197.6,10.64,193.5,65.92,355.5,619.8,0.6466,0.5825,2.59,15.912,1.369,0.709,318.95,23.29,618.0,483.55,686.9,107.0,6297.0,4.6,1047.0,972.0,20.16,63.35,139.9,0.53,42.42,27.68,143.98,576.3,91.81,940.0,87.5,31999.97,1284.0,11240.0,201.18,0.768,734.0,109.45,195.5,162.0,8.57,167.8,4590.0,1.9,3.699,0.7075,72.67,,115.0,142.9,0.5725,1239.6,5.668,192.9,,0.68,1229.8,220.0,142.74,31.315,463.5,1050.38,274.98,89.38,14.685,2329.0,3139.0,6120.0,49.65,4715.5,2.55
2024-09-05 00:00:00+00:00,1961.0,354.4,715.5,26140.0,200.0,0.82,344.0,504.9,8.4,76.94,0.558,2.279,294.25,0.363,64.9,,86.95,13.815,208.0,10.244,199.7,68.8,363.8,650.0,0.68,0.6115,2.6,16.833,1.694,0.7148,320.7,24.75,646.5,486.75,693.0,107.28,6360.0,4.67,1099.0,976.0,20.93,63.86,144.95,0.569,43.775,28.77,145.0,584.9,92.75,996.0,88.0,34179.21,1327.0,11770.0,202.69,0.8795,752.0,110.95,199.4,167.0,8.495,159.0,4610.0,1.937,3.6945,0.719,74.96,,119.33,148.1,0.5995,1294.8,5.538,203.65,,0.7,1221.0,252.35,149.47,31.38,470.0,1086.0,275.0,90.8,14.87,2365.0,3257.0,6085.0,50.25,4856.0,2.4665
2024-09-06 00:00:00+00:00,1905.0,349.8,695.0,25500.0,211.0,0.829,327.0,491.45,8.12,74.24,0.5522,2.2655,285.4,0.36,57.3,,86.0,13.45,201.88,10.3,196.6,67.54,420.0,646.0,0.645,0.6095,2.6,16.349,1.73,0.6932,321.0,24.46,633.0,484.75,689.7,107.16,6357.0,4.7,1093.0,964.8,21.0,63.46,144.8,0.5445,42.64,27.86,142.5,588.4,93.44,980.0,88.3,34700.0,1323.0,11270.0,199.13,0.8725,737.0,109.85,190.9,161.8,8.365,154.75,4510.0,1.9,3.655,0.71,73.98,,114.5,146.25,0.589,1258.4,5.326,196.0,,0.6655,1213.2,241.7,149.8,31.6,475.0,1046.0,274.99,88.15,13.86,2333.0,3170.5,6005.0,50.2,4799.5,2.428
2024-09-09 00:00:00+00:00,1957.0,371.8,712.0,26600.0,212.47,0.8,324.0,482.3,8.18,78.52,0.5648,2.2895,294.7,0.3628,67.22,,86.8,13.85,207.91,10.4,200.0,68.22,416.0,651.0,0.6598,0.6285,2.64,17.359,1.614,0.7046,324.1,24.69,644.5,494.2,720.7,108.9,6525.5,4.82,1092.0,997.8,21.99,66.1,147.85,0.57,43.47,28.99,148.9,605.5,95.4,978.0,89.0,34000.0,1372.0,11440.0,210.0,0.858,775.0,112.55,199.0,161.8,8.75,168.4,5290.0,1.89,3.721,0.72,76.55,,112.27,140.5,0.6455,1315.0,5.798,202.7,,0.699,1308.8,250.9,165.92,31.39,478.0,1083.0,270.0,91.0,14.375,2415.0,3370.0,6430.0,51.28,4919.0,2.4535
2024-09-10 00:00:00+00:00,1929.0,369.6,726.0,26420.0,208.65,0.919,331.0,472.5,8.18,78.8,0.5774,2.3,295.0,0.3738,65.0,,86.8,14.35,207.0,10.346,203.55,68.8,419.0,659.8,0.681,0.631,2.637,17.301,1.58,0.7092,326.65,24.65,653.5,496.25,724.2,108.88,6548.5,4.696,1109.0,1013.8,21.79,65.86,145.9,0.571,43.74,29.92,150.0,607.7,94.95,1000.0,91.9,32999.97,1373.0,11670.0,210.45,0.8875,767.0,113.1,199.6,165.6,8.79,170.8,5810.0,1.89,3.721,0.734,76.88,,111.99,139.55,0.629,1288.0,5.58,202.9,,0.698,1314.6,243.45,152.83,31.815,480.5,1050.1,275.0,91.5,14.565,2444.0,3379.0,6220.0,51.7,5035.0,2.44
2024-09-11 00:00:00+00:00,1933.0,359.2,715.0,26080.0,209.0,0.98,380.0,466.0,8.24,77.42,0.5652,2.265,282.45,0.3601,64.8,,86.75,13.73,201.11,10.9,200.0,67.4,427.0,648.8,0.6662,0.625,2.631,16.812,1.566,0.69,320.4,24.5,645.0,489.5,713.4,106.38,6500.0,4.72,1073.5,990.8,21.42,65.8,143.9,0.559,44.415,29.88,148.64,595.4,94.8,974.0,89.1,32300.14,1351.5,13080.0,207.11,0.842,770.0,111.15,196.8,175.8,8.78,184.9,6350.0,1.9,3.6975,0.725,76.47,,111.74,135.25,0.61,1260.0,5.5,197.15,,0.68,1285.2,234.4,164.99,31.38,471.5,1078.0,272.9,89.48,14.595,2402.0,3278.0,6475.0,50.31,4953.5,2.46
2024-09-12 00:00:00+00:00,1889.0,341.0,711.0,25580.0,200.6,0.946,416.0,478.85,8.2,75.6,0.572,2.206,279.0,0.3473,64.5,,86.3,13.13,195.11,10.246,196.5,65.3,411.5,623.8,0.6622,0.6225,2.592,16.36,1.459,0.6802,313.95,23.89,626.0,489.85,698.7,104.18,6448.0,4.56,1040.0,968.2,20.8,64.25,140.0,0.5435,42.92,29.16,144.1,590.6,91.62,958.0,87.7,32380.1,1337.5,12180.0,205.0,0.847,752.0,109.95,196.5,181.0,8.48,190.0,5540.0,1.899,3.653,0.7155,74.19,,107.77,130.7,0.6075,1212.4,5.48,193.55,,0.69,1265.0,222.85,148.57,30.445,476.0,1028.47,271.94,87.5,14.45,2340.0,3158.0,6025.0,49.15,4843.0,2.3735
2024-09-13 00:00:00+00:00,1876.0,353.4,703.0,25780.0,199.99,0.101,371.5,505.0,7.98,74.56,0.5716,2.2145,280.55,0.3476,64.3,,84.5,13.49,193.95,10.134,196.95,64.98,413.8,629.0,0.649,0.6265,2.595,16.54,1.508,0.6954,312.45,23.46,643.0,498.5,697.9,102.88,6625.0,4.496,1100.0,973.6,20.81,63.95,139.4,0.5595,43.8,29.11,145.4,602.6,92.93,958.0,86.0,32050.0,1369.0,11800.0,209.33,0.842,742.5,109.5,193.3,172.6,8.415,175.0,5650.0,1.897,3.709,0.713,75.93,,108.7,129.0,0.5895,1235.8,5.366,196.0,,0.6795,1295.0,227.95,151.91,30.515,465.0,1033.98,271.89,87.42,13.99,2347.0,3291.5,6020.0,49.85,5018.0,2.378
2024-09-16 00:00:00+00:00,1960.0,362.0,816.5,26180.0,214.48,0.1148,360.0,487.95,8.56,75.96,0.5758,2.29,283.5,0.3578,56.66,,87.8,13.945,203.5,10.444,208.5,66.54,412.1,647.0,0.6824,0.636,2.719,16.9,1.445,0.708,325.4,24.1,653.0,516.5,723.6,106.46,6824.5,4.696,1106.5,988.8,21.69,66.44,142.9,0.5575,44.88,30.32,146.24,620.3,95.95,1000.0,88.6,31972.15,1398.0,11850.0,216.41,0.8595,779.0,114.0,194.8,176.8,8.89,185.3,5500.0,1.935,3.8115,0.7425,78.5,,109.55,124.15,0.612,1269.0,5.55,198.0,,0.7195,1339.0,231.95,165.0,31.315,480.0,1052.0,270.89,89.75,14.86,2432.0,3374.0,6140.0,51.87,5373.5,2.469
2024-09-17 00:00:00+00:00,1965.0,359.2,815.0,26440.0,208.6,0.1147,358.0,486.95,9.12,75.82,0.588,2.317,288.1,0.3685,56.68,,90.8,14.195,203.2,10.6,212.15,67.96,411.15,659.0,0.706,0.6395,2.719,16.889,1.419,0.7266,324.0,24.42,644.0,519.5,727.2,107.0,6860.0,4.762,1155.0,999.2,21.95,66.4,149.0,0.567,46.295,30.9,145.46,632.0,99.72,1064.0,95.0,31111.1,1405.0,11800.0,216.77,0.8785,787.0,119.45,196.5,174.2,9.31,203.55,5410.0,1.945,3.81,0.755,79.9,,112.9,124.85,0.6125,1300.0,5.49,199.85,,0.709,1348.4,239.0,162.6,31.5,500.0,1103.1,276.98,90.39,15.5,2456.6,3425.0,6400.0,53.34,5694.5,2.44
2024-09-18 00:00:00+00:00,1945.0,368.8,800.0,26600.0,212.99,0.1147,350.5,484.1,8.64,77.0,0.587,2.2835,285.9,0.3699,56.45,,89.85,14.195,216.9,10.6,210.4,68.6,406.6,682.0,0.6964,0.66,2.747,16.79,1.406,0.723,324.35,25.21,640.5,519.9,707.8,107.96,6831.0,4.988,1142.5,997.8,21.85,66.5,149.5,0.674,46.295,30.75,143.84,631.2,98.38,1018.0,94.5,31899.98,1395.5,12000.0,215.95,0.885,780.0,121.45,197.1,174.0,9.115,190.4,5430.0,2.0,3.885,0.7565,80.26,,112.57,127.0,0.6545,1294.6,5.462,199.0,,0.746,1330.0,240.0,162.78,31.44,496.0,1099.99,270.0,90.95,14.89,2488.0,3431.0,6250.0,53.33,5757.0,2.48
2024-09-19 00:00:00+00:00,1930.0,363.2,818.0,26420.0,213.99,0.1073,346.5,490.0,8.36,77.4,0.5868,2.248,281.1,0.3614,56.4,,88.7,14.14,217.94,10.59,208.65,68.1,403.9,669.0,0.71,0.6505,2.73,16.495,1.513,0.715,329.6,24.59,626.5,516.2,696.2,111.42,6830.0,4.9,1112.0,1007.8,21.36,68.5,146.0,0.628,45.2,30.35,141.44,626.1,97.36,1008.0,91.4,31350.0,1385.0,11990.0,212.88,0.9055,764.0,133.8,195.9,168.6,8.915,179.9,5260.0,1.998,3.8725,0.7635,79.18,,111.28,142.0,0.6895,1284.8,5.364,197.5,,0.742,1305.0,237.1,159.95,32.36,487.0,1080.0,276.85,89.36,14.685,2489.6,3355.0,6250.0,53.5,5646.0,2.429
2024-09-20 00:00:00+00:00,1918.0,371.0,832.5,27820.0,221.49,0.107,353.5,491.35,8.38,81.86,0.609,2.249,279.4,0.3649,60.92,,90.0,14.2,217.4,11.0,209.75,68.44,405.55,675.6,0.73,0.64,2.786,16.485,1.542,0.7214,334.0,25.16,643.0,528.25,702.9,112.94,6898.0,5.346,1114.0,1015.0,21.56,66.85,148.45,0.604,45.57,31.0,141.6,630.5,98.24,1026.0,90.6,32499.97,1393.0,12410.0,214.99,0.916,783.0,147.85,196.2,172.0,9.5,174.8,5380.0,1.979,3.88,0.7485,80.2,,111.89,139.6,0.69,1319.0,5.42,198.7,,0.757,1359.4,239.7,159.99,32.85,512.0,1155.0,272.0,89.9,14.81,2529.6,3379.0,6285.0,52.98,5959.5,2.432
2024-09-23 00:00:00+00:00,1939.0,376.4,840.0,28680.0,217.49,0.1082,378.0,489.9,8.34,113.34,0.6118,2.292,296.75,0.3773,57.69,,91.35,14.65,217.33,12.65,208.4,70.74,426.5,711.0,0.7494,0.6355,2.783,16.98,1.617,0.745,336.6,24.88,684.0,532.0,733.4,110.76,7000.0,5.2,1141.5,1007.0,21.4,70.0,154.0,0.605,45.94,36.67,141.0,645.7,101.5,1048.0,90.5,31999.93,1425.0,12740.0,219.42,0.915,799.5,153.3,207.5,183.6,9.75,179.4,5380.0,1.979,3.95,0.7445,81.45,,120.2,141.0,0.6785,1340.0,5.494,200.45,,0.7695,1373.0,247.5,166.0,32.68,520.0,1099.98,276.98,92.37,15.8,2585.0,3485.0,6340.0,54.23,5944.5,2.4605
2024-09-24 00:00:00+00:00,2158.0,381.8,831.0,28720.0,217.39,0.1094,374.0,488.55,8.98,115.0,0.6054,2.35,298.0,0.38,61.0,,95.15,14.6,214.9,12.96,210.0,70.8,405.9,714.8,0.745,0.638,2.792,17.385,1.608,0.7442,349.85,25.39,695.0,526.9,720.5,116.0,7050.5,5.19,1137.0,1047.2,22.5,74.0,173.8,0.6045,45.89,38.3,141.88,644.9,101.54,1074.0,91.5,31500.0,1434.0,12640.0,219.33,0.9215,852.0,147.9,206.0,198.0,9.135,174.0,5430.0,1.996,3.9295,0.744,81.7,,121.81,135.1,0.6915,1325.0,5.934,202.75,,0.7755,1380.0,241.25,162.99,34.265,514.0,1093.0,288.75,93.95,15.91,2645.0,3513.0,6470.0,56.9,5902.0,2.46
2024-09-25 00:00:00+00:00,2150.0,381.0,827.0,28240.0,217.98,0.11,370.5,488.9,8.68,112.34,0.62,2.366,306.0,0.3779,62.7,,92.2,14.55,212.25,12.9,210.6,70.4,394.75,700.0,0.7674,0.638,2.961,16.83,1.58,0.7404,354.0,25.85,672.5,524.95,714.2,118.2,6990.0,5.17,1137.0,1048.0,22.12,70.0,206.5,0.6075,45.7,36.84,141.52,646.0,99.5,1080.0,94.2,31799.99,1421.5,12510.0,221.14,0.9075,844.5,148.8,207.4,190.0,9.2,168.95,5810.0,1.995,3.917,0.7745,81.94,,127.25,132.25,0.72,1328.4,6.21,199.7,,0.8275,1357.8,239.65,166.57,34.9,530.0,1190.0,332.59,94.6,15.7,2779.0,3451.0,6545.0,55.99,6021.0,2.472
2024-09-26 00:00:00+00:00,2072.0,368.2,809.0,27000.0,216.97,0.1036,355.0,491.95,8.48,104.86,0.6048,2.48,301.65,0.3652,62.9,,93.1,14.1,206.72,11.6,207.75,69.2,410.0,686.0,0.7352,0.67,2.785,16.317,1.503,0.777,347.85,26.27,657.5,515.95,683.5,116.82,6890.0,5.2,1115.0,1025.0,21.54,69.89,211.55,0.5925,45.39,35.0,139.44,642.7,99.59,1030.0,89.9,31000.2,1395.5,12420.0,216.98,0.9295,801.0,147.75,198.8,184.0,8.87,163.2,5530.0,1.98,3.847,0.7335,80.51,,124.78,131.55,0.7,1294.6,6.0,196.45,,0.778,1335.4,232.95,162.69,34.575,525.0,1089.0,339.98,91.84,15.9,2695.0,3335.0,6365.0,54.99,5810.0,2.44
2024-09-27 00:00:00+00:00,2093.0,364.8,818.0,27720.0,216.78,0.1024,357.5,492.9,8.76,98.44,0.6072,2.4785,304.6,0.3679,60.0,,95.55,14.5,207.76,11.342,208.65,69.24,387.0,687.6,0.7336,0.667,2.868,16.473,1.547,0.7792,351.2,25.69,659.0,514.55,689.5,116.46,6946.0,5.15,1111.0,1035.2,21.57,74.92,189.85,0.588,45.3,34.0,142.34,640.9,99.79,1042.0,90.4,32500.0,1395.0,12220.0,220.0,0.913,821.5,147.0,199.3,187.0,8.94,141.6,5410.0,1.986,3.8535,0.7325,77.43,,123.82,129.8,0.6865,1293.2,5.9,194.6,,0.775,1324.8,230.0,175.2,35.19,520.0,1033.0,330.0,91.5,14.83,2669.6,3391.5,6335.0,55.46,5837.0,2.4485
2024-09-30 00:00:00+00:00,2088.0,370.6,848.0,27860.0,217.49,0.843,369.5,495.0,8.66,103.8,0.606,2.4845,307.95,0.3714,59.66,,94.9,14.18,209.64,11.996,209.55,69.82,389.5,703.4,0.7448,0.662,2.828,16.97,1.633,0.7726,353.0,26.0,672.5,516.2,697.9,117.66,6972.5,5.14,1147.5,1042.4,21.8,72.0,181.9,0.5985,46.36,35.62,142.5,646.9,100.98,1050.0,90.6,32999.98,1411.0,12270.0,222.64,0.9075,839.0,147.9,201.5,193.6,9.5,103.95,5450.0,1.97,3.85,0.739,77.89,,126.74,131.5,0.6865,1315.0,5.97,195.95,,0.7835,1339.8,229.45,162.2,35.485,514.0,1061.0,334.85,91.42,14.8,2685.6,3409.0,6370.0,56.8,5828.5,2.4555
2024-10-01 00:00:00+00:00,2075.0,353.4,841.0,27240.0,218.99,,371.5,495.45,8.62,103.5,0.579,2.53,297.8,0.3562,59.87,114.8,91.65,14.65,204.1,11.77,209.7,68.46,385.0,700.0,0.736,0.639,2.799,16.214,1.559,0.7522,338.8,26.1,662.0,512.85,676.5,113.96,6995.5,5.12,1110.0,1012.8,21.53,71.98,177.4,0.585,45.195,34.48,139.76,644.6,99.99,1024.0,88.7,31600.0,1380.0,12290.0,219.76,0.9125,819.0,146.0,199.9,187.8,8.895,96.6,5380.0,1.982,3.818,0.739,76.37,,121.76,130.0,0.685,1283.0,5.93,196.15,,0.7655,1322.0,224.55,149.0,34.655,505.0,1070.0,320.0,89.8,14.68,2628.0,3312.5,6335.0,54.65,5893.0,2.4315
2024-10-02 00:00:00+00:00,2020.0,354.8,817.5,27080.0,227.8,,365.5,496.7,8.7,98.58,0.5786,2.585,296.4,0.357,60.0,111.0,91.7,13.97,205.11,11.86,213.6,68.78,386.8,702.6,0.7298,0.64,2.788,15.93,1.527,0.7506,335.35,25.48,668.5,511.9,670.8,111.5,6980.0,5.156,1099.0,1016.8,21.0,72.44,171.6,0.5955,45.85,33.97,140.34,663.4,101.75,1052.0,86.8,31999.9,1385.0,12350.0,217.6,0.88,810.0,140.6,195.6,189.4,8.9,89.85,5460.0,1.97,3.818,0.731,75.4,,120.48,126.8,0.6815,1292.0,5.65,203.0,,0.76,1296.0,225.2,138.5,34.89,514.5,1025.0,329.89,88.12,14.395,2591.0,3325.0,6125.0,54.99,5270.0,2.453
2024-10-03 00:00:00+00:00,2028.0,342.0,808.0,26440.0,217.0,,360.0,496.2,8.58,95.16,0.5794,2.499,288.2,0.3545,58.94,107.8,88.95,13.99,200.55,11.49,207.5,66.68,374.75,697.8,0.6972,0.63,2.734,15.75,1.511,0.7396,333.75,24.8,651.5,502.7,660.9,107.98,6957.0,5.17,1050.0,995.0,20.45,68.99,171.0,0.5775,44.16,32.53,138.52,651.8,99.95,1010.0,85.6,32899.98,1366.5,12150.0,213.76,0.8575,807.5,136.1,190.7,182.8,8.635,88.0,5340.0,1.958,3.772,0.7275,73.43,,116.9,128.0,0.6615,1256.4,5.628,202.0,,0.7235,1249.0,221.75,141.5,34.87,502.0,1034.99,325.0,87.49,14.135,2589.0,3220.0,5955.0,54.47,5129.5,2.516
2024-10-04 00:00:00+00:00,2050.0,341.6,798.0,26780.0,221.48,,358.0,497.95,8.56,97.6,0.5896,2.5235,286.8,0.3588,57.99,107.98,89.3,13.99,200.8,12.55,208.25,66.48,408.0,714.6,0.6998,0.6275,2.694,15.837,1.524,0.7422,334.95,24.6,634.5,509.45,661.8,108.0,7076.5,5.166,1047.0,1003.4,20.6,69.0,174.75,0.577,44.44,33.6,139.0,654.5,102.54,1014.0,84.7,33599.98,1369.0,12380.0,215.78,0.8605,810.0,136.5,196.2,183.6,8.69,96.6,5430.0,1.949,3.817,0.718,74.21,,116.38,126.75,0.656,1259.8,5.578,201.35,,0.7295,1291.0,218.95,145.0,35.42,499.5,1015.3,329.89,87.71,14.22,2618.6,3235.0,6285.0,54.72,5134.0,2.51
2024-10-07 00:00:00+00:00,2065.0,341.0,800.0,26440.0,221.49,,354.5,511.35,8.44,96.74,0.5846,2.5595,284.8,0.3545,59.78,107.48,92.0,13.77,201.88,11.84,208.25,66.26,402.9,723.0,0.7148,0.6215,2.708,15.65,1.494,0.7378,331.1,24.86,637.0,505.6,653.9,107.38,7066.0,5.17,1046.5,1007.2,20.85,68.98,176.55,0.5745,44.3,33.8,138.9,660.0,103.2,1012.0,86.5,34899.99,1379.5,12330.0,213.72,0.8515,777.0,135.9,192.7,187.0,8.64,102.0,5480.0,1.946,3.816,0.717,74.27,,115.6,125.5,0.643,1236.0,5.746,203.8,,0.722,1278.2,213.2,139.95,35.195,510.0,1036.0,324.76,87.1,13.9,2568.0,3215.0,6240.0,54.99,5122.5,2.51
2024-10-08 00:00:00+00:00,2046.0,337.4,789.5,26860.0,219.47,,347.5,517.75,8.36,94.7,0.596,2.579,280.0,0.3538,59.75,106.78,92.2,13.68,195.38,11.646,207.8,65.44,386.8,729.0,0.7448,0.611,2.664,15.448,1.492,0.727,335.0,24.47,620.0,505.0,646.0,107.0,7055.0,5.17,1025.0,997.0,20.55,74.79,174.95,0.572,44.8,33.49,137.4,629.5,103.78,1004.0,84.6,33499.95,1395.0,12260.0,214.49,0.8375,773.5,133.6,195.3,197.2,8.585,95.45,5550.0,1.892,3.908,0.7245,74.9,,113.45,122.95,0.6235,1247.6,5.646,199.65,,0.8085,1286.0,211.0,141.0,35.75,501.5,1010.0,377.0,86.48,13.845,2552.0,3174.0,6170.0,54.12,5070.0,2.5385
2024-10-09 00:00:00+00:00,2022.0,343.8,817.0,27000.0,220.99,,349.0,519.15,8.38,98.28,0.592,2.576,277.5,0.3536,58.75,106.64,92.15,13.61,195.5,12.0,206.9,66.7,389.0,705.8,0.7896,0.616,2.639,15.44,1.595,0.727,334.85,24.3,624.0,503.0,643.3,106.82,6991.0,5.76,1029.0,993.6,20.75,72.45,178.35,0.576,43.875,33.89,134.88,621.0,102.69,1000.0,86.3,,1391.5,12230.0,213.9,0.8545,754.5,133.4,194.8,207.8,8.5,96.7,5400.0,1.88,3.8805,0.745,74.48,,112.74,121.85,0.6215,1246.8,5.514,198.35,,0.8525,1309.8,204.65,140.0,34.845,496.0,1189.2,317.0,89.9,14.2,2597.0,3119.5,6030.0,54.41,4974.5,2.5855
2024-10-10 00:00:00+00:00,2050.0,346.4,839.0,27160.0,217.48,,366.5,519.35,8.4,99.58,0.5942,2.5435,264.65,0.3561,57.99,109.6,90.95,13.63,193.34,11.92,207.65,66.36,393.1,710.8,0.7404,0.6115,2.733,15.49,1.56,0.7192,331.55,24.54,615.5,499.4,644.5,104.46,6904.5,5.44,1043.0,991.8,20.67,69.14,174.65,0.579,43.755,36.27,133.5,617.5,103.8,1024.0,85.5,34779.99,1373.5,12120.0,212.96,0.88,766.5,136.25,194.5,205.6,8.465,95.3,6520.0,1.836,3.884,0.7225,74.21,,112.2,120.45,0.616,1239.4,5.834,198.15,,0.786,1333.0,203.2,140.45,34.185,512.5,1145.0,320.0,89.66,13.95,2592.6,3073.5,6400.0,54.79,4995.5,2.5615
2024-10-11 00:00:00+00:00,2039.0,342.6,844.0,26540.0,217.39,,360.5,519.4,8.6,94.98,0.588,2.4775,264.15,0.37,57.84,114.4,91.45,13.585,189.55,11.836,206.45,65.44,383.4,715.6,0.7306,0.614,2.722,15.436,1.665,0.7146,339.15,24.87,615.0,499.0,640.5,103.86,6882.5,5.22,1058.0,962.2,20.61,65.6,175.5,0.5775,43.51,34.9,134.96,617.2,101.52,1028.0,84.9,34799.69,1367.5,12600.0,211.24,0.858,770.0,133.55,190.7,216.4,8.46,93.3,6330.0,1.883,3.8805,0.712,73.22,,109.0,120.75,0.625,1234.0,5.62,196.65,,0.788,1328.0,203.1,139.0,34.0,501.5,,328.97,86.31,13.7,2571.6,3049.0,6110.0,53.97,4974.5,2.512
2024-10-14 00:00:00+00:00,2039.0,350.0,840.0,26780.0,217.49,,352.5,519.5,8.48,104.78,0.5812,2.4535,266.0,0.3689,57.98,119.78,92.15,13.72,188.4,11.868,206.4,66.32,390.0,713.4,0.7184,0.6085,2.65,15.587,1.725,0.7204,342.85,24.59,614.5,501.2,680.0,105.74,6947.5,4.996,1068.0,971.8,20.52,72.0,177.5,0.572,44.8,35.6,134.0,611.1,101.39,1002.0,86.3,32600.1,1368.0,12190.0,210.5,0.847,757.5,133.45,188.6,258.8,8.585,95.0,6620.0,1.803,3.88,0.727,74.2,,109.73,119.7,0.6085,1254.8,5.888,198.95,,0.78,1368.0,203.2,140.0,34.405,498.5,1011.99,329.0,86.99,13.77,2619.0,3118.5,6265.0,55.33,4945.0,2.472
2024-10-15 00:00:00+00:00,2032.0,357.0,853.0,26720.0,228.49,,355.0,519.55,8.88,104.34,0.589,2.461,269.5,0.3701,56.9,112.46,90.55,13.645,193.36,12.15,208.45,67.46,382.5,713.0,0.7608,0.6215,2.657,15.74,1.985,0.7294,347.15,24.53,625.0,500.0,682.4,108.78,7019.0,5.234,1074.0,980.6,20.99,70.0,176.0,0.585,44.6,35.12,132.6,610.9,102.58,1018.0,85.2,33085.5,1381.5,12390.0,211.3,0.869,782.0,133.4,194.1,272.0,8.675,94.9,6600.0,1.799,3.8985,0.742,73.42,,112.19,120.25,0.6185,1265.6,5.664,200.0,,0.7765,1374.0,213.9,140.47,34.84,507.5,1035.0,318.0,87.17,15.16,2638.6,3158.5,6250.0,55.66,5010.0,2.55
2024-10-16 00:00:00+00:00,2148.0,360.2,853.0,26520.0,227.99,,365.0,519.5,8.5,101.76,0.5898,2.478,271.8,0.375,60.87,112.5,92.85,13.69,195.0,12.48,210.55,67.6,384.3,712.4,0.7648,0.6395,2.698,15.72,1.958,0.7298,349.35,24.63,623.0,503.9,688.0,109.98,7055.0,5.48,1065.0,984.4,20.97,69.0,198.9,0.672,44.81,34.87,132.0,609.5,102.88,1040.0,86.7,34787.73,1379.0,12280.0,212.0,0.879,791.0,132.5,192.2,270.0,8.585,93.25,6450.0,1.727,3.8935,0.729,74.35,,112.51,120.85,0.655,1250.0,5.638,202.5,,0.7775,1383.8,211.2,148.99,34.95,519.5,1030.0,329.99,87.62,14.295,2637.0,3178.5,6360.0,55.31,5035.0,2.5465
2024-10-17 00:00:00+00:00,2082.0,349.0,835.0,26120.0,228.26,,375.0,519.4,8.42,100.56,0.5814,2.4495,266.3,0.371,60.0,114.98,90.25,13.675,187.87,12.5,207.25,66.34,382.1,704.6,0.7516,0.6255,2.65,15.399,1.743,0.7192,341.25,24.8,623.5,497.2,684.7,107.24,7009.0,4.98,1059.5,972.6,20.75,71.47,205.95,0.5865,42.145,33.51,136.2,601.7,101.47,1004.0,85.5,32800.0,1366.0,12170.0,210.27,0.8645,770.0,129.2,189.9,243.0,8.5,91.45,6120.0,1.715,3.883,0.718,74.3,,109.12,119.55,0.611,1244.0,5.592,201.85,,0.762,1436.6,208.9,149.33,34.875,513.5,1095.0,346.0,86.7,14.52,2612.6,3088.0,6195.0,55.24,4991.5,2.48
2024-10-18 00:00:00+00:00,2022.0,344.8,820.5,25880.0,230.49,,357.5,519.3,8.36,96.46,0.5774,2.408,262.25,0.3583,57.92,115.88,88.85,13.64,179.7,11.8,205.1,64.9,374.45,707.2,0.7446,0.6255,2.626,15.252,1.717,0.711,339.25,23.67,621.5,488.75,673.0,105.8,6995.5,4.898,1043.5,965.0,20.65,72.99,185.95,0.589,40.835,32.49,128.56,595.8,100.97,994.0,85.0,32800.0,1362.5,12090.0,208.4,0.8555,756.0,119.8,186.1,243.0,8.43,87.6,6040.0,1.65,3.88,0.712,72.94,,109.7,117.15,0.611,1204.4,5.484,200.0,,0.7525,1434.8,207.55,148.96,34.685,506.0,1186.0,335.0,85.4,13.87,2586.0,3085.0,6125.0,53.27,4900.0,2.397
2024-10-21 00:00:00+00:00,2025.0,349.0,819.5,26620.0,230.23,,348.5,,8.18,95.34,0.5836,2.3795,262.0,0.3633,58.99,118.0,87.3,13.44,174.81,11.932,205.9,65.66,377.25,713.2,0.765,0.6185,2.596,15.245,1.767,0.7176,339.35,23.52,623.5,490.0,691.4,107.58,7047.0,4.75,1049.0,968.0,20.54,72.0,194.0,0.5785,40.8,32.2,132.42,596.4,100.78,1000.0,84.6,31899.98,1361.0,12470.0,205.92,0.86,763.0,118.7,186.4,248.0,8.335,93.65,5900.0,1.64,3.895,0.7115,72.39,,110.1,119.0,0.6045,1229.0,5.428,198.75,,0.741,1376.8,210.7,150.0,34.675,499.0,1013.0,327.9,85.21,13.975,2609.0,3093.0,6060.0,52.84,4885.0,2.432
2024-10-22 00:00:00+00:00,2028.0,342.8,808.0,26120.0,228.99,,342.5,,8.22,94.9,0.5722,2.35,262.4,0.359,60.0,119.44,86.7,13.42,167.73,11.624,205.35,66.0,374.95,712.0,0.7188,0.6135,2.535,14.997,1.708,0.7126,333.15,23.38,616.5,485.4,687.8,107.9,7024.0,4.68,1079.0,968.8,20.31,75.0,187.5,0.5725,40.39,31.91,133.8,599.3,99.29,992.0,84.2,32499.98,1362.0,13490.0,206.1,0.834,778.0,117.6,189.4,250.0,8.385,88.65,6190.0,1.65,3.875,0.713,71.44,,109.36,117.85,0.5925,1202.0,5.376,197.1,,0.7335,1375.0,206.65,151.86,34.825,500.0,1004.0,327.48,85.1,13.84,2593.6,3040.0,6275.0,52.48,4875.5,2.367
2024-10-23 00:00:00+00:00,1937.0,338.8,801.0,25820.0,227.49,,334.0,,8.2,91.0,0.5662,2.346,261.9,0.3493,56.3,122.74,86.25,13.2,164.25,11.422,200.75,65.82,373.65,717.0,0.6956,0.621,2.518,14.664,1.693,0.707,336.95,23.23,612.0,480.35,680.0,107.44,7016.5,4.588,1096.0,961.4,20.16,70.0,181.0,0.575,40.185,31.9,130.7,593.0,98.2,982.0,83.1,31799.98,1353.0,13090.0,203.37,0.803,766.5,114.1,183.6,233.6,8.425,86.3,6800.0,1.599,3.82,0.708,70.7,,107.42,116.25,0.5775,1195.4,5.272,196.5,,0.727,1383.2,202.25,149.98,35.78,492.5,1004.0,324.89,84.98,13.595,2554.6,3045.0,5950.0,51.56,4819.0,2.424
2024-10-24 00:00:00+00:00,1916.0,332.6,796.5,25420.0,230.49,,349.0,,8.14,87.62,0.567,2.333,268.0,0.3465,56.98,126.0,86.8,13.45,167.88,11.224,199.8,65.38,371.2,720.0,0.6876,0.6215,2.515,14.144,1.61,0.7092,333.15,23.57,607.5,472.1,661.4,105.7,6986.0,4.918,1052.0,931.6,20.8,70.49,171.25,0.556,39.75,31.15,128.94,587.3,98.19,982.0,81.9,31999.76,1350.0,12490.0,202.0,0.784,754.5,112.5,179.0,222.6,8.495,84.65,6930.0,1.57,3.7805,0.702,69.39,,105.34,114.7,0.576,1179.2,5.152,198.0,,0.7205,1379.8,208.35,146.27,35.215,497.5,,326.44,82.9,13.49,2539.6,3034.0,5875.0,50.54,4753.5,2.39
2024-10-25 00:00:00+00:00,1923.0,335.0,798.0,25340.0,230.19,,326.5,,8.8,91.78,0.5696,2.34,271.7,0.3484,56.94,121.0,88.0,13.5,169.8,11.224,199.25,65.64,373.0,718.0,0.7,0.635,2.599,14.159,1.598,0.7202,334.2,24.5,607.5,470.65,654.7,106.28,7080.0,4.56,1058.0,931.2,19.94,70.0,166.95,0.5575,39.345,31.18,128.98,588.5,99.72,976.0,82.5,31399.98,1342.0,12250.0,205.74,0.8,750.0,115.4,179.7,216.0,8.47,83.0,6720.0,1.599,3.8805,0.699,68.58,,105.0,113.7,0.5865,1178.0,5.148,198.1,,0.725,1380.6,206.2,155.0,35.1,486.0,1033.95,318.99,83.3,13.295,2548.0,3042.0,5770.0,51.0,4748.5,2.392
2024-10-28 00:00:00+00:00,1827.0,307.2,747.5,24320.0,224.3,,322.5,,7.9,85.5,0.5536,2.2945,262.9,0.3428,60.0,122.52,84.9,12.925,161.34,10.554,192.5,62.7,367.0,704.4,0.653,0.6125,2.478,13.399,1.594,0.6898,328.3,22.51,583.5,455.4,607.2,101.6,6785.0,4.47,1075.0,897.8,19.86,70.0,165.95,0.546,38.145,29.69,124.12,571.9,95.58,948.0,79.8,32198.98,1308.0,12300.0,200.83,0.729,718.0,110.8,170.0,220.0,8.205,81.2,7000.0,1.63,3.79,0.6785,65.53,,100.96,105.85,0.5555,1137.0,5.228,193.45,,0.6765,1333.6,203.75,150.0,34.2,470.0,1002.0,315.0,80.19,12.3,2396.0,2845.0,5585.0,48.92,4480.0,2.3355
2024-10-29 00:00:00+00:00,1812.0,309.0,733.5,23680.0,225.99,,311.0,,7.64,84.9,0.5544,2.3,270.9,0.3395,55.0,121.0,84.45,12.73,168.78,10.7,189.1,61.32,345.15,711.8,0.635,0.612,2.444,13.249,1.723,0.6838,317.25,23.34,583.0,446.55,605.0,100.7,6866.0,4.242,1017.0,879.4,19.42,64.99,164.0,0.546,37.2,29.17,123.0,553.4,94.1,932.0,76.9,31330.0,1278.0,12090.0,196.14,0.7125,733.0,110.0,171.8,220.6,8.385,80.0,6430.0,1.589,3.8185,0.6475,62.9,,102.74,104.3,0.5415,1129.0,4.984,191.7,,0.6825,1312.6,201.45,160.0,34.9,455.0,996.1,308.98,78.8,12.35,2406.6,2783.5,5390.0,48.35,4449.5,2.329
2024-10-30 00:00:00+00:00,1920.0,310.4,739.5,23720.0,230.17,,320.0,,7.98,85.9,0.5532,2.3275,271.3,0.3393,54.5,122.74,84.55,12.94,168.49,10.57,190.45,62.0,346.5,744.6,0.652,0.615,2.477,13.23,1.751,0.692,319.8,22.8,590.5,449.5,614.8,100.42,6894.0,4.38,1015.0,883.0,19.66,74.0,171.85,0.5515,37.295,29.75,124.5,550.2,94.9,956.0,77.9,30600.17,1282.0,12000.0,197.39,0.7285,733.0,113.5,172.0,226.2,8.43,83.0,6240.0,1.621,3.8495,0.655,63.36,,102.23,107.5,0.5765,1142.0,5.182,195.95,,0.7175,1324.4,204.5,150.0,35.58,469.0,1000.0,310.98,78.42,12.3,2410.6,2789.0,5755.0,48.94,4569.0,2.2
2024-10-31 00:00:00+00:00,1889.0,299.8,721.0,23240.0,224.7,,317.5,,7.8,82.86,0.5546,2.2435,266.5,0.3344,54.0,126.44,83.5,12.545,165.29,10.422,185.2,61.0,343.7,709.4,0.6436,0.606,2.619,12.658,1.649,0.675,317.75,22.13,584.5,442.35,600.9,99.46,6869.0,4.228,1002.5,867.2,19.54,71.0,166.6,0.545,36.43,29.48,120.86,544.7,93.15,932.0,76.9,30905.0,1254.5,11920.0,193.61,0.7175,717.0,110.35,175.5,216.8,8.255,79.95,6350.0,1.624,3.822,0.6545,61.7,,98.9,103.0,0.571,1120.8,5.146,194.65,,0.687,1298.2,199.15,139.0,35.5,450.5,1007.0,300.0,76.47,11.895,2355.0,2679.0,5590.0,47.9,4497.0,2.134
2024-11-01 00:00:00+00:00,1831.0,294.6,732.5,23300.0,224.67,,328.5,,7.68,93.3,0.5506,2.196,266.0,0.3365,52.64,124.8,82.95,12.45,165.0,10.586,186.75,59.82,344.8,719.0,0.6334,0.6025,2.433,12.858,1.748,0.6708,316.85,22.11,574.0,449.2,596.6,100.0,6850.0,4.22,1010.0,854.8,19.29,65.2,167.2,0.545,36.95,30.98,121.24,544.0,90.62,918.0,76.7,31000.0,1273.0,11860.0,189.0,0.7035,717.0,110.5,170.1,216.0,8.305,78.75,6190.0,1.6,3.849,0.6335,61.98,,100.87,100.4,0.555,1103.4,4.92,193.5,,0.686,1325.6,201.35,144.0,35.65,455.0,1009.98,307.94,76.85,11.82,2349.0,2700.0,5530.0,48.64,4561.5,2.1175
2024-11-02 00:00:00+00:00,1809.0,293.8,756.5,23200.0,223.99,,323.5,,7.82,92.22,0.5502,2.2085,265.45,0.3349,49.86,126.0,83.9,12.385,165.31,10.78,187.5,60.7,341.15,727.6,0.6294,0.6065,2.425,12.578,1.777,0.684,319.75,21.97,582.0,457.0,585.9,100.88,6865.0,4.29,1028.0,870.2,19.81,64.0,173.45,0.551,36.195,30.64,122.2,549.7,91.14,922.0,76.6,32500.0,1277.0,11680.0,190.38,0.7115,714.5,110.95,172.6,213.6,8.42,77.8,6280.0,1.565,3.8495,0.63,61.95,,104.5,98.7,0.5585,1118.0,4.958,191.95,,0.686,1328.8,199.0,150.0,36.13,443.5,958.9,306.0,77.44,11.97,2354.0,2689.5,5560.0,48.88,4579.0,2.117
2024-11-05 00:00:00+00:00,1795.0,296.0,753.0,23640.0,228.52,,315.0,,7.76,95.0,0.5484,2.215,268.0,0.3357,47.2,125.0,84.7,12.75,168.3,10.65,187.8,61.36,342.45,729.6,0.6386,0.61,2.449,12.649,1.77,0.6868,317.8,22.9,593.0,465.6,585.7,105.0,6920.0,4.582,1043.0,873.6,19.59,64.0,170.9,0.545,36.65,31.4,123.3,557.2,93.75,920.0,77.8,,1293.5,11670.0,191.88,0.7215,711.5,112.9,171.9,215.8,8.51,78.95,6290.0,1.614,3.86,0.629,62.48,,104.4,95.55,0.5695,1133.6,4.86,196.65,,0.716,1371.0,199.75,149.99,36.485,437.5,957.0,366.0,78.2,11.84,2334.0,2730.0,5795.0,48.68,4563.5,2.185
2024-11-06 00:00:00+00:00,1838.0,304.8,763.5,24100.0,230.49,,318.5,,8.3,94.8,0.5638,2.2385,279.9,0.3492,47.9,124.1,87.6,13.19,166.2,10.75,193.0,62.36,343.95,752.0,0.6576,0.622,2.529,13.565,1.787,0.6998,326.85,22.9,611.0,478.75,602.0,108.48,7098.5,4.474,1059.0,918.0,20.39,66.0,168.4,0.562,38.15,31.97,125.0,580.4,96.99,936.0,80.5,32990.99,1316.0,12070.0,200.0,0.732,710.0,116.0,175.3,222.8,8.66,78.8,6490.0,1.624,3.923,0.6495,64.84,,106.68,98.0,0.5655,1168.6,5.186,199.15,,0.7295,1500.0,201.8,144.79,36.99,445.0,957.0,346.99,79.9,12.19,2434.6,2957.0,5745.0,51.71,4700.0,2.226
2024-11-07 00:00:00+00:00,1800.0,305.6,763.5,24300.0,235.38,,316.0,,8.34,91.5,0.5588,2.229,275.75,0.3486,49.4,120.62,84.3,13.9,167.98,10.9,192.45,61.2,339.85,736.6,0.65,0.6135,2.546,13.75,1.795,0.6964,329.25,23.1,602.5,475.55,600.9,110.48,7139.0,4.488,1045.0,924.0,19.8,68.9,167.5,0.547,38.0,30.35,122.88,579.2,96.19,916.0,78.6,,1340.0,11640.0,203.8,0.7145,699.0,113.15,174.6,221.6,8.73,77.8,6260.0,1.619,3.92,0.6975,64.9,,104.1,96.45,0.552,1185.2,5.16,204.0,,0.7165,1500.0,200.95,143.0,37.45,470.0,940.0,340.0,79.31,12.0,2482.0,3052.0,5795.0,52.23,4781.0,2.19
2024-11-08 00:00:00+00:00,1824.0,323.0,778.5,24560.0,230.98,,318.5,,7.96,91.44,0.5656,2.399,288.35,0.3549,47.1,123.2,85.95,13.31,171.85,10.922,198.55,61.16,336.85,745.8,0.6782,0.632,2.536,14.526,1.808,0.7048,331.9,22.8,612.0,482.0,615.0,112.4,7192.0,4.462,1049.5,945.8,20.7,68.0,168.95,0.563,38.345,30.82,123.5,593.9,97.15,954.0,79.9,32400.0,1352.0,11640.0,210.85,0.7495,712.0,113.95,178.8,223.6,8.97,77.65,6350.0,1.61,3.939,0.648,66.74,,105.44,95.45,0.5685,1210.0,5.28,208.0,,0.7275,1513.8,211.0,142.97,38.53,455.0,986.99,347.97,80.43,12.875,2577.2,3295.0,5825.0,53.14,4860.0,2.2
2024-11-11 00:00:00+00:00,1870.0,325.8,818.5,25580.0,238.49,,327.5,,8.48,92.98,0.5744,2.445,287.9,0.359,47.6,121.2,86.95,13.795,180.13,11.194,204.35,62.48,336.3,748.0,0.6744,0.643,2.592,14.867,1.807,0.727,335.75,23.3,625.0,498.8,626.9,113.26,7235.0,4.544,1077.5,957.0,20.15,73.5,175.0,0.57,39.35,31.28,131.98,603.4,101.5,970.0,80.7,32649.0,1370.0,11550.0,218.4,0.752,723.5,116.6,185.0,226.6,9.2,77.45,6300.0,1.648,3.9915,0.6725,68.75,,108.9,100.55,0.5795,1274.0,5.172,209.7,,0.748,1531.0,219.8,146.0,38.685,470.0,984.0,358.5,82.16,14.0,2642.6,3354.5,5875.0,53.75,4924.0,2.2
2024-11-12 00:00:00+00:00,1875.0,322.2,797.0,25300.0,237.98,,322.0,,8.3,91.6,0.574,2.4825,285.95,0.3567,47.5,118.74,86.5,13.785,177.58,10.876,203.6,62.42,333.35,789.8,0.6642,0.6335,2.588,14.9,1.708,0.7236,334.55,24.2,619.0,493.9,626.0,114.84,7071.5,4.55,1079.5,951.4,20.15,70.98,174.5,0.5875,38.89,31.0,132.8,598.6,100.65,968.0,80.3,33999.96,1374.0,11820.0,217.46,0.732,715.0,121.7,186.0,223.8,8.995,77.5,6140.0,1.659,3.9975,0.6715,67.8,,108.34,100.5,0.5945,1270.0,5.44,206.35,,0.758,1513.2,221.45,147.0,37.925,484.0,970.0,349.91,81.78,14.145,2609.0,3244.0,5775.0,52.98,4923.0,2.211
2024-11-13 00:00:00+00:00,1884.0,322.2,808.0,25360.0,238.49,,323.5,,8.16,90.3,0.5712,2.453,279.6,0.3516,46.77,119.78,86.45,13.4,172.95,10.9,202.5,64.3,336.8,782.4,0.6666,0.6335,2.589,14.8,1.682,0.7196,334.2,23.69,601.0,493.65,626.0,115.8,7048.0,4.69,1075.0,936.8,20.29,73.91,174.2,0.5965,38.565,30.79,133.4,598.2,99.6,946.0,81.2,32799.97,1368.5,12110.0,215.4,0.739,724.0,122.35,181.1,223.2,9.0,82.0,6140.0,1.662,3.9605,0.6935,65.11,,106.39,98.65,0.609,1243.6,5.222,202.2,,0.751,1494.0,218.75,157.7,38.2,485.0,941.96,347.0,81.4,13.445,2584.8,3365.5,5725.0,52.7,4910.0,2.203
2024-11-14 00:00:00+00:00,1843.0,315.4,797.0,24780.0,240.0,,318.5,,8.6,90.38,0.573,2.413,273.95,0.3467,47.3,119.1,84.9,13.33,167.81,10.84,199.95,63.28,332.9,796.0,0.6624,0.631,2.698,14.372,1.739,0.7106,326.9,23.96,596.5,483.45,613.5,114.6,7013.5,4.63,1065.0,910.4,20.7,70.9,179.0,0.582,38.35,30.75,133.54,587.2,98.3,940.0,80.5,32500.0,1342.5,12520.0,209.77,0.725,722.0,119.5,178.6,218.4,8.825,80.2,6070.0,1.642,3.9765,0.693,64.59,,104.69,97.0,0.6005,1229.6,5.17,199.7,,0.734,1493.0,213.5,157.78,37.945,481.5,977.0,346.88,80.16,13.175,2575.0,3328.0,5690.0,51.84,4884.5,2.138
2024-11-15 00:00:00+00:00,1817.0,317.0,806.5,24360.0,239.49,,315.0,,8.0,90.1,0.5746,2.425,273.8,0.3437,46.0,118.72,83.95,13.68,170.89,10.664,198.15,61.34,330.9,802.2,0.6596,0.6385,2.58,14.623,1.731,0.7062,333.95,23.88,604.0,480.95,619.6,115.5,7037.0,4.514,1053.0,922.0,20.8,72.0,172.25,0.576,38.2,31.72,127.92,577.3,97.39,938.0,80.5,31000.0,1345.0,11900.0,210.22,0.7225,730.5,116.4,179.6,217.4,8.84,78.0,6050.0,1.648,4.315,0.679,64.4,,105.34,96.0,0.5935,1237.8,5.5,197.7,,0.725,1487.8,206.0,156.99,39.69,469.5,969.97,345.0,80.61,12.985,2606.4,3468.5,5680.0,53.43,4847.5,2.147
2024-11-18 00:00:00+00:00,1817.0,314.8,790.5,24500.0,236.98,,310.5,,7.94,89.8,0.573,2.395,270.5,0.3414,50.0,120.0,84.45,14.325,167.85,10.492,201.3,59.96,327.55,808.0,0.652,0.643,2.54,14.494,1.844,0.6968,332.45,22.79,606.0,477.95,641.5,115.8,7008.0,4.466,1044.0,913.2,19.83,77.0,167.6,0.5695,37.65,30.75,127.44,569.8,96.0,926.0,79.0,,1278.5,12240.0,208.0,0.7075,717.0,116.5,177.0,215.0,8.67,79.9,5920.0,1.618,4.2,0.669,62.7,,104.2,97.5,0.5755,1224.2,5.14,201.35,,0.7355,1480.0,221.65,160.0,39.635,462.0,984.99,339.99,79.84,13.24,2667.2,3426.5,5590.0,53.2,4770.0,2.144
2024-11-19 00:00:00+00:00,1803.0,307.0,783.0,24340.0,234.3,,308.0,,7.88,87.64,0.5714,2.331,271.8,0.3382,46.0,121.6,83.65,14.245,165.3,10.43,196.95,59.82,325.65,805.6,0.6518,0.637,2.468,14.343,1.839,0.6888,331.55,22.55,604.0,473.9,642.8,116.1,6991.5,4.448,1057.0,901.0,19.41,70.99,166.8,0.5535,37.51,30.53,127.5,563.8,95.25,926.0,77.2,31399.87,1225.0,12400.0,206.0,0.701,708.5,115.1,176.2,207.2,8.575,77.45,6160.0,1.6,4.5,0.668,62.37,,103.12,101.8,0.5655,1203.2,5.62,199.75,,0.718,1498.0,211.85,154.0,39.1,458.0,913.0,331.98,79.47,12.955,2675.4,3367.0,5570.0,52.75,4697.0,2.115
2024-11-20 00:00:00+00:00,1774.0,297.6,772.0,23660.0,239.99,,304.0,,7.66,86.4,0.5544,2.2745,270.95,0.3256,45.99,122.4,82.1,14.33,161.2,10.298,187.5,59.72,322.45,787.2,0.649,0.6615,2.449,13.92,1.878,0.6774,323.8,22.28,597.5,462.6,634.4,112.0,6952.5,4.328,1043.5,879.8,19.23,71.0,163.9,0.556,35.95,29.17,123.74,555.0,92.49,918.0,77.9,30888.0,1194.5,12140.0,202.46,0.688,705.0,113.4,172.2,194.6,8.395,76.1,5590.0,1.615,3.977,0.6745,60.33,,99.76,94.75,0.5535,1168.8,4.796,196.8,,0.733,1478.0,206.9,154.32,39.5,467.5,,330.35,77.88,13.185,2623.4,3278.0,5445.0,51.22,4569.0,2.985
2024-11-21 00:00:00+00:00,1763.0,287.6,753.0,23460.0,232.0,,296.5,,7.54,83.8,0.544,2.229,266.85,0.3239,43.84,121.86,82.0,14.2,160.98,10.22,184.5,58.84,319.15,765.2,0.629,0.6185,2.45,13.55,1.615,0.6798,315.5,22.13,597.0,459.35,630.0,109.78,6949.0,4.286,1046.0,870.0,18.83,69.0,158.55,0.5435,34.655,29.39,122.2,543.1,91.5,900.0,76.7,30499.98,1149.0,12120.0,199.0,0.68,686.5,111.7,177.8,206.6,8.35,75.6,5490.0,1.579,3.9585,0.6495,58.5,,96.92,94.15,0.538,1129.0,4.726,194.5,,0.733,1463.8,207.7,154.31,37.92,454.0,909.98,318.94,76.3,12.495,2579.0,3157.0,5710.0,50.33,4592.5,2.92
2024-11-22 00:00:00+00:00,1741.0,281.6,753.5,23360.0,230.99,,292.5,,7.66,85.7,0.54,2.225,267.7,0.3249,43.87,120.3,84.6,14.25,160.32,10.35,180.55,58.54,328.75,759.4,0.629,0.6265,2.408,13.487,1.419,0.6832,316.0,22.12,605.0,464.75,629.0,109.96,6998.0,4.258,1031.0,868.0,18.94,66.99,156.85,0.541,33.8,29.2,121.96,545.9,92.0,898.0,75.6,31499.98,1096.0,12160.0,200.78,0.6845,700.0,112.1,179.2,206.2,8.355,73.35,5830.0,1.473,3.9615,0.642,56.89,,96.15,93.25,0.534,1138.0,4.776,194.4,,0.7395,1467.0,201.0,154.32,37.44,441.5,900.0,313.71,76.58,12.45,2588.4,3124.5,5890.0,50.4,4619.5,2.66
2024-11-25 00:00:00+00:00,1730.0,271.8,737.5,23140.0,228.99,,281.0,,7.8,83.5,0.5322,2.23,266.95,0.3215,43.95,118.86,81.85,13.785,154.71,10.13,177.4,57.12,316.95,755.4,0.6272,0.655,2.303,13.7,1.43,0.6714,313.85,21.8,600.0,466.3,637.1,108.8,6979.0,4.17,1042.0,831.6,19.46,71.77,151.8,0.541,33.315,29.58,121.68,543.1,89.6,886.0,76.7,30600.16,1079.0,12110.0,201.0,0.6415,685.5,109.35,176.0,201.4,8.21,71.5,5510.0,1.52,3.9475,0.63,56.5,,94.0,92.25,0.54,1137.0,4.538,192.95,,0.699,1474.8,200.65,154.32,37.36,433.0,900.0,312.99,74.36,12.17,2394.8,3072.5,5585.0,49.63,4525.0,2.25
2024-11-26 00:00:00+00:00,1722.0,268.0,725.0,22320.0,221.1,,274.0,,7.1,80.94,0.52,2.19,266.6,0.3173,43.99,117.82,80.1,12.98,152.21,10.2,177.0,53.88,310.45,758.4,0.5778,0.625,2.224,12.599,1.41,0.6514,304.65,20.48,589.0,459.0,605.9,106.5,6930.0,4.168,1016.5,836.8,19.8,66.66,143.0,0.5275,33.3,28.25,119.96,518.5,86.98,874.0,74.0,29999.98,1087.5,12010.0,194.5,0.622,650.0,104.65,174.2,188.6,8.165,68.0,5420.0,1.47,3.8635,0.6155,54.48,,89.27,91.1,0.521,1119.0,4.418,192.4,,0.681,1409.4,194.55,148.41,34.62,404.0,877.97,302.91,72.48,11.92,2375.4,2793.5,5240.0,48.53,4385.0,2.225
2024-11-27 00:00:00+00:00,1509.0,265.0,687.5,22320.0,219.98,,301.0,,6.5,76.8,0.4758,2.99,255.0,0.3149,43.0,116.56,78.25,13.14,148.8,10.488,175.5,50.48,302.35,710.4,0.5266,0.5995,1.969,12.37,1.41,0.6098,292.7,18.2,589.0,474.6,609.6,111.4,6916.5,3.856,1002.0,828.0,19.34,67.0,130.8,0.4815,32.64,26.83,114.8,519.6,86.19,838.0,71.4,29249.99,1045.0,11850.0,189.49,0.5595,603.5,97.55,166.2,177.0,8.23,62.0,4970.0,1.409,3.7685,0.6015,54.15,,81.72,88.35,0.5025,1103.6,4.0,191.0,,0.6135,1367.0,188.8,146.0,35.275,377.0,812.0,284.97,70.7,10.74,2389.8,2995.0,5060.0,49.12,4238.5,1.948
2024-11-28 00:00:00+00:00,1476.0,274.0,689.0,22320.0,235.0,,285.5,,6.98,78.56,0.479,2.119,261.8,0.3162,40.47,117.34,79.95,13.15,143.0,10.332,178.7,53.86,300.5,730.0,0.5592,0.5985,2.46,12.491,1.66,0.6316,294.9,20.0,621.5,486.0,618.0,112.24,6943.5,4.63,990.0,841.2,19.82,64.0,132.15,0.47,33.75,27.24,114.58,538.7,86.96,820.0,72.2,29299.99,1050.5,11900.0,189.3,0.6015,616.0,96.45,168.9,201.8,8.24,69.0,5700.0,1.389,3.8,0.615,55.27,,86.77,88.95,0.48,1127.6,4.336,191.0,,0.647,1374.8,193.8,147.95,35.495,380.0,748.0,285.0,70.69,10.465,2416.6,3048.0,5095.0,50.53,4324.5,1.981
2024-11-29 00:00:00+00:00,1453.0,278.4,694.5,22700.0,226.2,,303.0,,7.8,79.78,0.487,2.1755,270.9,0.3158,39.0,116.38,80.7,12.95,145.0,10.5,183.5,53.76,316.3,735.0,0.5534,0.613,2.119,12.677,1.624,0.6256,297.0,20.27,622.5,484.0,622.6,114.0,6910.0,4.35,1020.0,839.0,19.88,64.2,132.0,0.4645,34.14,27.2,112.7,548.2,87.6,828.0,72.2,29099.99,1059.0,12300.0,187.3,0.596,607.5,99.0,183.6,199.4,8.26,72.85,5450.0,1.38,3.8405,0.6165,55.58,,87.98,87.8,0.4875,1131.4,4.198,189.35,,0.6445,1361.0,183.0,148.6,35.31,370.0,,291.0,70.48,11.0,2424.0,3004.0,5190.0,50.69,4550.0,1.9805
2024-12-02 00:00:00+00:00,1437.0,281.0,702.0,22960.0,229.1,,318.0,,7.2,80.86,0.4864,2.1785,272.5,0.2999,39.64,116.26,80.85,12.985,150.77,10.576,184.8,54.84,335.55,732.6,0.568,0.6115,2.165,12.934,1.569,0.6246,305.0,19.37,593.5,491.0,628.0,114.9,6880.0,4.202,1072.0,854.4,20.38,67.0,134.0,0.4605,34.115,27.1,113.72,555.8,88.56,850.0,75.5,29995.0,1029.0,12260.0,192.55,0.6195,637.0,98.55,178.2,189.8,8.27,70.8,5380.0,1.41,3.8815,0.639,55.83,,87.36,90.5,0.489,1148.2,4.248,191.45,,0.643,1391.6,184.6,148.4,36.135,386.0,750.1,287.68,70.17,11.28,2430.6,2993.5,5085.0,50.25,4694.0,2.785
2024-12-03 00:00:00+00:00,1427.0,282.6,694.0,22860.0,223.0,,295.5,,6.8,78.86,0.4898,2.182,266.1,0.2912,39.4,116.16,83.6,12.865,150.0,10.292,177.85,54.64,323.8,728.2,0.5402,0.607,2.16,12.536,1.377,0.6246,303.5,19.79,590.5,493.4,620.8,114.34,6823.0,4.208,1067.5,847.6,20.25,64.99,136.6,0.4725,33.945,27.0,115.68,550.4,87.87,822.0,75.8,28899.99,1005.5,12100.0,192.36,0.607,618.5,97.4,177.4,186.2,8.17,69.8,5210.0,1.411,3.8705,0.636,55.98,,84.79,85.0,0.488,1145.4,4.122,192.45,,0.6175,1393.0,184.4,148.59,35.92,385.0,750.5,298.98,69.34,11.65,2402.6,2874.5,5070.0,48.92,4674.0,2.125
